epitope,subject,va,vb,cdr3a,cdr3b
ATDALMTGY,PMID:21160049_D#8,,TRBV10-3*01,,CAISESQGNTEAFF
ATDALMTGY,PMID:21160049_D#10,,TRBV10-3*01,,CAISEDRALVSYTF
ATDALMTGY,PMID:21160049_D#8,,TRBV10-3*01,,CAISEDRALNEQFF
ATDALMTGY,PMID:21160049_D#8,,TRBV10-3*01,,CAVQPGQGMQPQHF
ATDALMTGY,PMID:21160049_D#3,,TRBV10-3*01,,CAISDGTVNNQPQHF
ATDALMTGY,PMID:21160049_D#1,,TRBV10-3*01,,CAISEGAMGNQPQHF
ATDALMTGY,PMID:21160049_D#2,,TRBV10-3*01,,CAISEEGIGNQPQHF
ATDALMTGY,PMID:21160049_D#1,,TRBV10-3*01,,CAAADEEIGNQPQHF
ATDALMTGY,PMID:21160049_D#1,,TRBV10-3*01,,CAIGDDRAGNQPQHF
ATDALMTGY,PMID:21160049_D#10,,TRBV10-3*01,,CAISDQTSGNQPQHF
ATDALMTGY,PMID:21160049_D#2,,TRBV10-3*01,,CAISDAGAGNQPQHF
ATDALMTGY,PMID:21160049_D#8,,TRBV10-3*01,,CAISEGTGGHQPQHF
ATDALMTGY,PMID:21160049_D#7,,TRBV10-3*01,,CAISESTVGNQPQHF
ATDALMTGY,PMID:21160049_D#10,,TRBV10-3*01,,CAISESTVGNQPQHF
ATDALMTGY,PMID:21160049_D#8,,TRBV10-3*01,,CAISESATGYQPQHF
ATDALMTGY,PMID:21160049_D#7,,TRBV10-3*01,,CAISESSAGNQPQHF
ATDALMTGY,PMID:21160049_D#8,,TRBV10-3*01,,CAISESSIGNQPQHF
ATDALMTGY,PMID:21160049_D#1,,TRBV10-3*01,,CAISESSSGNQPQHF
ATDALMTGY,PMID:21160049_D#2,,TRBV10-3*01,,CAISESSSGSNEQFF
ATDALMTGY,PMID:21160049_D#7,,TRBV10-3*01,,CAISDSSSGSNEQFF
ATDALMTGY,PMID:21160049_D#7,,TRBV10-3*01,,CAISESSSGANVLTF
ATDALMTGY,PMID:21160049_D#7,,TRBV10-3*01,,CAISESASGSNEQYF
ATDALMTGY,PMID:21160049_D#10,,TRBV10-3*01,,CAISESTAGNNEQFF
ATDALMTGY,PMID:21160049_D#7,,TRBV10-3*01,,CAIRSGTINTGELFF
ATDALMTGY,PMID:21160049_D#8,,TRBV10-3*01,,CAIGTGTISTETQYF
ATDALMTGY,PMID:21160049_D#2,,TRBV10-3*01,,CAISEGTVGFDEQYF
ATDALMTGY,PMID:21160049_D#8,,TRBV10-3*01,,CAISEGVSGGYNEQFF
ATDALMTGY,PMID:21160049_D#1,,TRBV27*01,,CASSPGDTGANVLTF
ATDALMTGY,PMID:21160049_D#2,,TRBV27*01,,CASSSTDTGANVLTF
ATDALMTGY,PMID:21160049_D#8,,TRBV27*01,,CASSSGATGANVLTF
ATDALMTGY,PMID:21160049_D#1,,TRBV27*01,,CASSSIATGANVLTF
ATDALMTGY,PMID:21160049_D#8,,TRBV27*01,,CASSSGTIGANVLTF
ATDALMTGY,PMID:21160049_D#8,,TRBV27*01,,CASSSGVSGANVLTF
ATDALMTGY,PMID:21160049_D#7,,TRBV27*01,,CASSFTTMGNQPQHF
ATDALMTGY,PMID:21160049_D#2,,TRBV27*01,,CASQGGEIGNNEQFF
ATDALMTGY,PMID:21160049_D#8,,TRBV27*01,,CASSLRQGGLTEAFF
ATDALMTGY,PMID:21160049_D#8,,TRBV27*01,,CASGGRGGGETQYF
ATDALMTGY,PMID:21160049_D#10,,TRBV27*01,,CASSPRVVGSETQYF
ATDALMTGY,PMID:21160049_D#2,,TRBV27*01,,CASKNRDVGYNEQFF
ATDALMTGY,PMID:21160049_D#10,,TRBV27*01,,CASSLRPQLGETQYF
ATDALMTGY,PMID:21160049_D#10,,TRBV27*01,,CASSFLAGFTDTQYF
ATDALMTGY,PMID:21160049_D#7,,TRBV27*01,,CASSPISISSGLPEYF
ATDALMTGY,PMID:21160049_D#1,,TRBV27*01,,CASSSSISGMRPRIYEQYF
ATDALMTGY,PMID:21160049_D#8,,TRBV19*01,,CASSMGTGAHEQYF
ATDALMTGY,PMID:21160049_D#8,,TRBV19*01,,CASSPREIGNQPQHF
ATDALMTGY,PMID:21160049_D#1,,TRBV19*01,,CATTVGVIGNQPQHF
ATDALMTGY,PMID:21160049_D#1,,TRBV19*01,,CASTTGTIGNQPQHF
ATDALMTGY,PMID:21160049_D#10,,TRBV19*01,,CASIDRTIGNQPQHF
ATDALMTGY,PMID:21160049_D#8,,TRBV19*01,,CASSIRDAGNQPQHF
ATDALMTGY,PMID:21160049_D#3,,TRBV19*01,,CATRGTVINTGELFF
ATDALMTGY,PMID:21160049_D#7,,TRBV19*01,,CASTPDLSSYNEQFF
ATDALMTGY,PMID:21160049_D#1,,TRBV19*01,,CASSIRHSEYTDTQYF
ATDALMTGY,PMID:21160049_D#2,,TRBV19*01,,CASRALDITLGNVLTF
ATDALMTGY,PMID:21160049_D#2,,TRBV19*01,,CASILRDFSSGNTIYF
ATDALMTGY,PMID:21160049_D#8,,TRBV19*01,,CASSIGGWRAEATNEKLFF
ATDALMTGY,PMID:21160049_D#8,,TRBV9*01,,CASSVVGGVDEQFF
ATDALMTGY,PMID:21160049_D#1,,TRBV9*01,,CASGSQGSTDTQYF
ATDALMTGY,PMID:21160049_D#8,,TRBV9*01,,CASSLPDINTGELFF
ATDALMTGY,PMID:21160049_D#1,,TRBV9*01,,CASRGGTINTGELFF
ATDALMTGY,PMID:21160049_D#1,,TRBV9*01,,CASSAGTINTGELFF
ATDALMTGY,PMID:21160049_D#8,,TRBV9*01,,CASSSGTINTGELFF
ATDALMTGY,PMID:21160049_D#2,,TRBV9*01,,CASSSGTVNTGELFF
ATDALMTGY,PMID:21160049_D#7,,TRBV9*01,,CASEAGTVNTNTQYF
ATDALMTGY,PMID:21160049_D#2,,TRBV9*01,,CASSVATVMTGELFF
ATDALMTGY,PMID:21160049_D#2,,TRBV9*01,,CASSTGTSNTGELFF
ATDALMTGY,PMID:21160049_D#8,,TRBV9*01,,CASSVATLNTGELFF
ATDALMTGY,PMID:21160049_D#2,,TRBV9*01,,CASSVAETNTGELFF
ATDALMTGY,PMID:21160049_D#8,,TRBV9*01,,CASSSGVTNTGELFF
ATDALMTGY,PMID:21160049_D#2,,TRBV9*01,,CASTAPATNTGELFF
ATDALMTGY,PMID:21160049_D#8,,TRBV9*01,,CASMSRDLNTGELFF
ATDALMTGY,PMID:21160049_D#1,,TRBV9*01,,CASSSPASSTDTQYF
ATDALMTGY,PMID:21160049_D#8,,TRBV2*01,,CASRETYEQYF
ATDALMTGY,PMID:21160049_D#2,,TRBV2*01,,CASRDTYEQYF
ATDALMTGY,PMID:21160049_D#3,,TRBV2*01,,CASSERRYTGELFF
ATDALMTGY,PMID:21160049_D#3,,TRBV2*01,,CASSGGTASTDTQYF
ATDALMTGY,PMID:21160049_D#1,,TRBV2*01,,CASSDGTANNQPQHF
ATDALMTGY,PMID:21160049_D#2,,TRBV2*01,,CASRSGTSNTGELFF
ATDALMTGY,PMID:21160049_D#7,,TRBV2*01,,CASRSGTSNTGELFF
ATDALMTGY,PMID:21160049_D#10,,TRBV2*01,,CASRSGDTNTGELFF
ATDALMTGY,PMID:21160049_D#8,,TRBV2*01,,CASRSGTSNTGELFF
ATDALMTGY,PMID:21160049_D#10,,TRBV2*01,,CASRTGTSNTGELFF
ATDALMTGY,PMID:21160049_D#2,,TRBV2*01,,CASRAGTSNTGELFF
ATDALMTGY,PMID:21160049_D#2,,TRBV2*01,,CASRAGTSNTGELFF
ATDALMTGY,PMID:21160049_D#2,,TRBV2*01,,CASRTGISNTGELFF
ATDALMTGY,PMID:21160049_D#7,,TRBV2*01,,CASRTGTINTGELFF
ATDALMTGY,PMID:21160049_D#7,,TRBV2*01,,CARSRGGINTGELFF
ATDALMTGY,PMID:21160049_D#8,,TRBV2*01,,CASSEGNGGINIQYF
ATDALMTGY,PMID:21160049_D#1,,TRBV2*01,,CASRDILTSYNEQFF
ATDALMTGY,PMID:21160049_D#2,,TRBV2*01,,CASSEAVISYNEQFF
ATDALMTGY,PMID:21160049_D#10,,TRBV2*01,,CASSEYPGPGANVLTF
ATDALMTGY,PMID:21160049_D#10,,TRBV2*01,,CASSDPDLLISTDTQYF
ATDALMTGY,PMID:21160049_D#3,,TRBV2*01,,CASSGDRDAGSSYEQYF
ATDALMTGY,PMID:21160049_D#7,,TRBV2*01,,CASSTGGSGNFSYEQYF
ATDALMTGY,PMID:21160049_D#8,,TRBV7-8*01,,CASSLSSHYGYTF
ATDALMTGY,PMID:21160049_D#8,,TRBV7-8*01,,CASSLTTGYGYTF
ATDALMTGY,PMID:21160049_D#1,,TRBV7-8*01,,CASSEVGLLNEQFF
ATDALMTGY,PMID:21160049_D#8,,TRBV7-3*01,,CASSLVGGAGEQFF
ATDALMTGY,PMID:21160049_D#2,,TRBV7-8*01,,CASRPSGQLDEQFF
ATDALMTGY,PMID:21160049_D#7,,TRBV7-3*01,,CASSPSGQLDEQFF
ATDALMTGY,PMID:21160049_D#1,,TRBV7-8*01,,CASSQSGQLDTQYF
ATDALMTGY,PMID:21160049_D#1,,TRBV7-8*01,,CASSSLGQLETQYF
ATDALMTGY,PMID:21160049_D#1,,TRBV7-8*01,,CASSLLGQLYEQYF
ATDALMTGY,PMID:21160049_D#1,,TRBV7-8*01,,CASNPAGQLETQYF
ATDALMTGY,PMID:21160049_D#10,,TRBV7-8*01,,CASSQTGQLDEQYF
ATDALMTGY,PMID:21160049_D#2,,TRBV7-3*01,,CASSPTGQLETQYF
ATDALMTGY,PMID:21160049_D#7,,TRBV7-2*01,,CASRPTGQLETQYF
ATDALMTGY,PMID:21160049_D#2,,TRBV7-8*01,,CASSPSGQLETQYF
ATDALMTGY,PMID:21160049_D#2,,TRBV7-2*01,,CASSLVGQLETQYF
ATDALMTGY,PMID:21160049_D#8,,TRBV7-8*01,,CASSLVGQLETQYF
ATDALMTGY,PMID:21160049_D#7,,TRBV7-8*01,,CASSLVGQLETQYF
ATDALMTGY,PMID:21160049_D#1,,TRBV7-2*01,,CASSLVGQLDEQYF
ATDALMTGY,PMID:21160049_D#7,,TRBV7-8*01,,CASSEVGQLETQYF
ATDALMTGY,PMID:21160049_D#2,,TRBV7-8*01,,CASSFSGQLDTIYF
ATDALMTGY,PMID:21160049_D#10,,TRBV7-8*01,,CASSPDPGQLYEQYF
ATDALMTGY,PMID:21160049_D#7,,TRBV7-3*01,,CASSPFGTGPYEQYF
ATDALMTGY,PMID:21160049_D#7,,TRBV7-8*01,,CASSLGTGPSYEQYF
ATDALMTGY,PMID:21160049_D#3,,TRBV7-9*01,,CASSPSTANTQPQHF
ATDALMTGY,PMID:21160049_D#1,,TRBV7-8*01,,CASSLMQGQGRNGYTF
ATDALMTGY,PMID:21160049_D#7,,TRBV7-8*01,,CASSLGLAGGEETQYF
ATDALMTGY,PMID:21160049_D#1,,TRBV13*01,,CASRHQLAQSSYNEQFF
ATDALMTGY,PMID:21160049_D#1,,TRBV11-2*01,,CASSYVGQLDEQFF
ATDALMTGY,PMID:21160049_D#10,,TRBV11-2*01,,CASSYRGQLNEQFF
ATDALMTGY,PMID:21160049_D#8,,TRBV11-2*01,,CASSSRGQLDTQYF
ATDALMTGY,PMID:21160049_D#3,,TRBV11-2*01,,CASSSSGQLDEQFF
ATDALMTGY,PMID:21160049_D#8,,TRBV11-2*01,,CASSLSGQLDEQFF
ATDALMTGY,PMID:21160049_D#10,,TRBV11-2*01,,CASSLSGQLDEQYF
ATDALMTGY,PMID:21160049_D#7,,TRBV11-2*01,,CASSLSGQLDTQYF
ATDALMTGY,PMID:21160049_D#2,,TRBV11-2*01,,CASSLVGQLETQYF
ATDALMTGY,PMID:21160049_D#8,,TRBV11-2*01,,CASSLVGQLETQYF
ATDALMTGY,PMID:21160049_D#1,,TRBV11-2*01,,CASSLVGQLYEQYF
ATDALMTGY,PMID:21160049_D#1,,TRBV11-2*01,,CASSLVGQLDEQYF
ATDALMTGY,PMID:21160049_D#2,,TRBV11-2*01,,CASSEAGQLNEQFF
ATDALMTGY,PMID:21160049_D#2,,TRBV11-2*01,,CASRWTGQLDEQFF
ATDALMTGY,PMID:21160049_D#1,,TRBV11-2*01,,CASSPSGQLETQYF
ATDALMTGY,PMID:21160049_D#7,,TRBV11-2*01,,CASSLLAGGWDEQFF
ATDALMTGY,PMID:21160049_D#8,,TRBV11-2*01,,CASSPLEAEAKNIQYF
ATDALMTGY,PMID:21160049_D#10,,TRBV11-2*01,,CASSLDLGDRGGYGYTF
ATDALMTGY,PMID:21160049_D#1,,TRBV11-2*01,,CASSHLLGVLAGGTDTQYF
ATDALMTGY,PMID:21160049_D#8,,TRBV11-2*01,,CASSSHVGGGGASIDTQYF
ATDALMTGY,PMID:21160049_D#2,,TRBV11-2*01,,CASSLAPLAGGAFSYNEQFF
ATDALMTGY,PMID:21160049_D#1,,TRBV11-2*01,,CASSSILGQGEHPVTDTQYF
ATDALMTGY,PMID:28146579_SR/CI-3,,TRBV10-3*01,,CAISESTAGSQPQHF
ATDALMTGY,PMID:28146579_SR/CI-3,,TRBV7-9*01,,CAGNNRDSSTDTQYF
ATDALMTGY,PMID:28146579_SR/CI-3,,TRBV20-1*01,,CSARPIDSSNQPQHF
ATDALMTGY,PMID:28146579_SR/CI-3,,TRBV2*01,,CASSGTRQISGTEAFF
ATDALMTGY,PMID:28146579_SR/CI-3,,TRBV2*01,,CASSGTRQISGTEAFF
ATDALMTGY,PMID:28146579_SR/CI-3,,TRBV10-3*01,,CAISESTAGSQPQHF
ATDALMTGY,PMID:28146579_SR/CI-3,,TRBV7-9*01,,CAGNNRDSSTDTQYF
ATDALMTGY,PMID:28146579_SR/CI-3,,TRBV20-1*01,,CSARPIDSSNQPQHF
ATDALMTGY,PMID:28146579_SR/CI-3,,TRBV10-3*01,,CAISESTAGSQPQHF
ATDALMTGY,PMID:28146579_SR/CI-3,,TRBV2*01,,CASSGTRQISGTEAFF
ATDALMTGY,PMID:28146579_SR/CI-3,,TRBV7-9*01,,CAGNNRDSSTDTQYF
none,control,,TRBV6-2*01,,CASSGINYGYTF
none,control,,TRBV9*01,,CASSGTGGSNEKLFF
none,control,,TRBV3-1*01;TRBV3-2*01;TRBV3-2*02,,CASTAGGGAGNTIYF
none,control,,TRBV7-8*01,,CASSLAGAGELFF
none,control,,TRBV3-1*01,,CASSASSEQYF
none,control,,TRBV12-4*01;TRBV12-3*01,,CASSPGLAGTGELFF
none,control,,TRBV18*01,,CASSSKTRRNTDEQYF
none,control,,TRBV20-1*03;TRBV20-1*01,,CSVPGRSDTEAFF
none,control,,TRBV10-3*01,,CAISEGLAGVFNEQFF
none,control,,TRBV12-4*01;TRBV12-3*01,,CASSRDRRAYEQYF
none,control,,TRBV30*01,,CALIAKISTDTQYF
none,control,,TRBV12-4*01;TRBV12-3*01,,CASSPGLAGGTDTQYF
none,control,,TRBV5-1*01,,CASSPTGTSYNEQFF
none,control,,TRBV15*01,,CATSRDRRLAGETVGNEQFF
none,control,,TRBV20/OR9-2*01;TRBV20-1*01,,CSARGPGLTYEQYF
none,control,,TRBV28*01,,CASSLTGGRNTEAFF
none,control,,TRBV6-1*01,,CASIQGNTDTQYF
none,control,,TRBV6-5*01,,CASTRDLNYGYTF
none,control,,TRBV14*01,,CASSVQGNSPLHF
none,control,,TRBV6-5*01,,CASSYGTGYEQYF
none,control,,TRBV3-1*01;TRBV3-2*01;TRBV3-2*02,,CASSQEGPSGGGYYNEQFF
none,control,,TRBV11-2*01,,CASSTSGAYNEQFF
none,control,,TRBV14*01,,CASSQGGAGQPQHF
none,control,,TRBV20/OR9-2*01;TRBV20-1*03;TRBV20-1*01,,CSAQRFLAGDDNEQFF
none,control,,TRBV7-8*01,,CASSLQGHQPQHF
none,control,,TRBV27*01,,CASRPKPVWTDTQYF
none,control,,TRBV29-1*01,,CSVEDRTLTYNEQFF
none,control,,TRBV7-9*01,,CASSFMSTDTQYF
none,control,,TRBV4-2*01,,CASSARPEQPVTEAFF
none,control,,TRBV5-1*01,,CASSGGASGNTIYF
none,control,,TRBV13*01,,CASSARGLAGGYEQYF
none,control,,TRBV6-4*01,,CASSDPTGNTEAFF
none,control,,TRBV12-4*01;TRBV12-3*01,,CASSLGGFNQPQHF
none,control,,TRBV10-3*01,,CAISAEGLDTEAFF
none,control,,TRBV28*01,,CASRTTVYGYTF
none,control,,TRBV18*01,,CASSPGGSGTPDTQYF
none,control,,TRBV6-2*01,,CASSIFGTSGATKETQYF
none,control,,TRBV19*02;TRBV19*01,,CATQSQNTEAFF
none,control,,TRBV9*01,,CASSVGTGVYEQYF
none,control,,TRBV19*02;TRBV19*01,,CASSMWKSPLHF
none,control,,TRBV19*02;TRBV19*01,,CASSKTASAEQYF
none,control,,TRBV7-3*01,,CASSLSQRETQYF
none,control,,TRBV29-1*01,,CSVVSPDRGSEAFF
none,control,,TRBV6-5*01,,CASKSREGPYEQYF
none,control,,TRBV12-4*01;TRBV12-3*01,,CASRPGQGGSYNEQFF
none,control,,TRBV4-2*01,,CASSQDASSGYGYTF
none,control,,TRBV5-1*01,,CASSLASGRATGELFF
none,control,,TRBV18*01,,CASSPRITGEETQYF
none,control,,TRBV6-2*01,,CASSYGVGLSYEQYF
none,control,,TRBV4-1*01,,CASSQPSGGETQYF
none,control,,TRBV27*01,,CASSFRASGRSSYNEQFF
none,control,,TRBV9*01,,CASSKGTSQETQYF
none,control,,TRBV3-1*01;TRBV3-2*01;TRBV3-2*02,,CASSQDATNEKLFF
none,control,,TRBV30*01,,CAWSPLALGNTEAFF
none,control,,TRBV2*01,,CASTRDTPTANYGYTF
none,control,,TRBV7-2*01;TRBV7-2*02,,CASSSTGGGRQETQYF
none,control,,TRBV6-1*01,,CASSERGPPDTQYF
none,control,,TRBV9*01,,CASSVEGWDTDTQYF
none,control,,TRBV11-2*01,,CASTRLAGGGYQETQYF
none,control,,TRBV11-3*01,,CASSQGAGYEQFF
none,control,,TRBV6-6*01,,CASSLTGTGQPQHF
none,control,,TRBV20-1*03;TRBV20-1*01,,CSDRAGGYNEQFF
none,control,,TRBV18*01,,CASSPTSDTQYF
none,control,,TRBV20-1*03;TRBV20-1*01,,CSATGHEQYF
none,control,,TRBV7-7*02;TRBV7-7*01,,CASSPDRGGGTQYF
none,control,,TRBV28*01,,CASSQPLRDSYDTQYF
none,control,,TRBV20/OR9-2*01;TRBV20-1*03;TRBV20-1*01,,CSAPQSGLGVETQYF
none,control,,TRBV5-1*01,,CASSHNRAGGNEQFF
none,control,,TRBV19*02;TRBV19*01,,CASSRGLNTEAFF
none,control,,TRBV20-1*01,,CSASGTSTDTQYF
none,control,,TRBV12-4*01;TRBV12-3*01,,CASRPGQGGSYNEQFF
none,control,,TRBV19*02;TRBV19*01,,CASNGDRGRGTEAFF
none,control,,TRBV27*01,,CASSWGAGNTEAFF
none,control,,TRBV20/OR9-2*01;TRBV20-1*03;TRBV20-1*01,,CSAYSLIRTSEAFF
none,control,,TRBV3-1*01;TRBV3-2*01;TRBV3-2*02,,CASSTGTGIYEQYF
none,control,,TRBV14*01,,CASSQDQTGFHIQYF
none,control,,TRBV30*01,,CAWSAYSNQPQHF
none,control,,TRBV6-2*01,,CASSYSFGSRYEQYF
none,control,,TRBV4-1*01,,CASSLIPDRAVYEQYF
none,control,,TRBV20/OR9-2*01;TRBV20-1*03;TRBV20-1*01,,CSARGGEGMETQYF
none,control,,TRBV11-1*01,,CASSRDLRSGANVLTF
none,control,,TRBV2*01,,CASSETSVVQETQYF
none,control,,TRBV10-3*01,,CAISDRGRTDTQYF
none,control,,TRBV3-1*01;TRBV3-2*01;TRBV3-2*02,,CASSQLAGPYNEQFF
none,control,,TRBV20-1*01,,CSASHDNYGYTF
none,control,,TRBV11-3*01,,CASSAGTRSYNEQFF
none,control,,TRBV6-2*01,,CASSLRRVAGVDEQFF
none,control,,TRBV6-6*01,,CASSYEAEAFF
none,control,,TRBV28*01,,CASSLEGYEQYF
none,control,,TRBV3-1*01;TRBV3-2*01;TRBV3-2*02,,CASSHYQKNYEQYF
none,control,,TRBV6-5*01;TRBV6-6*01,,CASSFGLAGPGRVDNEQFF
none,control,,TRBV19*02;TRBV19*01,,CASSPTVSYNEQFF
none,control,,TRBV4-2*01,,CASSRALAYGPTGELFF
none,control,,TRBV5-4*01,,CASSFRTGGNEKLFF
none,control,,TRBV20/OR9-2*01;TRBV20-1*01,,CSASQPGRFYGYTF
none,control,,TRBV7-9*01,,CASSLVGTGANVLTF
none,control,,TRBV4-3*01,,CASSQDPLANNSPLHF
none,control,,TRBV2*01,,CASTDSPTYNEQFF
none,control,,TRBV20-1*01,,CSASGTGEKLFF
none,control,,TRBV12-4*01;TRBV12-3*01,,CASSPQTAYGELFF
none,control,,TRBV12-4*01;TRBV12-3*01,,CASSSPGQGFQETQYF
none,control,,TRBV9*01,,CASSADSGRVSGELFF
none,control,,TRBV19*02;TRBV19*01,,CASIQPGGNTEAFF
none,control,,TRBV12-4*01;TRBV12-3*01,,CASSFSQRNQPQHF
none,control,,TRBV7-6*01,,CASSLGIPSMNTEAFF
none,control,,TRBV19*02;TRBV19*01,,CASRGLAAYEQYF
none,control,,TRBV29-1*01,,CSAWDSGGTSSYNEQFF
none,control,,TRBV28*01,,CASSLPRVQGAHGYTF
none,control,,TRBV12-4*01;TRBV12-3*01,,CASSPQTAYGELFF
none,control,,TRBV7-3*01,,CASSETSGNTGELFF
none,control,,TRBV27*01,,CASSFQGGQPQHF
none,control,,TRBV7-3*01,,CASSLRAGTGRLNTEAFF
none,control,,TRBV19*02;TRBV19*01,,CASSIGSGGTQPQHF
none,control,,TRBV28*01,,CASSSWGVYNEQFF
none,control,,TRBV6-5*01,,CASSYLDEQFF
none,control,,TRBV7-9*01,,CASSRVGAGYNEQFF
none,control,,TRBV11-1*01,,CASSLGGMNTEAFF
none,control,,TRBV6-5*01,,CASSSVTGYTQETQYF
none,control,,TRBV12-4*01;TRBV12-3*01,,CASSLRAIYGYTF
none,control,,TRBV12-4*01;TRBV12-3*01,,CASSSDANTGELFF
none,control,,TRBV9*01,,CASTLVGGRKRGGKYEQYF
none,control,,TRBV7-2*01;TRBV7-2*02,,CASSPGTGGYEQYF
none,control,,TRBV14*01,,CASSQVATISGTGNTEAFF
none,control,,TRBV7-8*01,,CASNSAGMNTEAFF
none,control,,TRBV20-1*03;TRBV20-1*01,,CSVPGQGNQPQHF
none,control,,TRBV30*01,,CAWSGDPNQPQHF
none,control,,TRBV4-3*01,,CASSQSPTGLETGELFF
none,control,,TRBV5-4*04;TRBV5-4*01;TRBV5-4*02,,CASSGFGHSYEQYF
none,control,,TRBV29-1*01,,CSVVWRAPPDTQYF
none,control,,TRBV6-4*01,,CASSDGIAGVDEQFF
none,control,,TRBV25-1*01,,CASSEGGGQGAHEKLFF
none,control,,TRBV7-9*01,,CASSSWTSGSYEQYF
none,control,,TRBV5-8*01,,CASPGDRGRAPEQYF
none,control,,TRBV20/OR9-2*01;TRBV20-1*01,,CSARTGHSNQPQHF
none,control,,TRBV4-2*01,,CASSQDLGSPLHF
none,control,,TRBV6-2*01,,CASTSYQDTEAFF
none,control,,TRBV15*01,,CATSRGIAGVGDTQYF
none,control,,TRBV20/OR9-2*01;TRBV20-1*03;TRBV20-1*01,,CSSHDRGRSSNQPQHF
none,control,,TRBV7-8*01,,CASSLESGQGVSYEQYF
none,control,,TRBV7-9*01,,CASSPAGGTDTQYF
none,control,,TRBV6-5*01,,CASKAETNTGELFF
none,control,,TRBV7-2*01;TRBV7-2*02,,CASSWYEGPYEQYF
none,control,,TRBV28*01,,CASRLAGGGANVLTF
none,control,,TRBV3-1*01;TRBV3-2*01;TRBV3-2*02,,CASSHRGQGGYNEQFF
none,control,,TRBV5-8*01,,CASSTRRQGGRETQYF
none,control,,TRBV7-3*01,,CASSPGLAGVGEQFF
none,control,,TRBV3-1*01;TRBV3-2*01;TRBV3-2*02,,CASSQQGSQRETQYF
none,control,,TRBV4-1*01,,CASSILGGAVTGELFF
none,control,,TRBV6-1*01,,CASRRGTGGVGEQFF
none,control,,TRBV6-2*01,,CASSGTVYIQPQHF
none,control,,TRBV12-4*01;TRBV12-3*01,,CASSLGSPTNYGYTF
none,control,,TRBV5-1*01,,CASSSDSYNEQFF
