epitope,subject,va,vb,cdr3a,cdr3b
m139,mouse_subject0064,TRAV7-4*01,TRBV26*01,CAASENYNQGKLIF,CASSWDRNTGQLYF
m139,mouse_subject0064,TRAV12D-3*02,TRBV19*03,CALIMNYNQGKLIF,CASSGTGGYTEVFF
m139,mouse_subject0064,TRAV15D-1/DV6D-1*04,TRBV13-3*01,CALWELDSNYQLIW,CASSAGTTEVFF
m139,mouse_subject0064,TRAV7-4*01,TRBV13-1*01,CAASENYNQGKLIF,CASSVDRFNQDTQYF
m139,mouse_subject0064,TRAV12D-3*02,TRBV13-2*01,CALVMNYNQGKLIF,CASGEANTEVFF
m139,mouse_subject0064,TRAV7-2*01,TRBV4*01,CAASASSSFSKLVF,CASSLTGKDTQYF
m139,mouse_subject0064,TRAV6D-6*01,TRBV4*01,CALGEGYNQGKLIF,CASSPRTGGANQDTQYF
m139,mouse_subject0064,TRAV14-2*01,TRBV15*01,CAASDDYNQGKLIF,CASSFDRGDTQYF
m139,mouse_subject0064,TRAV12-3*04,TRBV13-1*01,CALRENYNQGKLIF,CASSGGSAETLYF
m139,mouse_subject0064,TRAV6D-6*01,TRBV13-3*01,CALGEGYNQGKLIF,CASSAGTTEVFF
m139,mouse_subject0064,TRAV6D-6*01,TRBV15*01,CALGEGYNQGKLIF,CASRTDNNQAPLF
m139,mouse_subject0064,TRAV7-2*01,TRBV4*01,CAAKRPSSFSKLVF,CASSLTGDAEQFF
m139,mouse_subject0064,TRAV12D-3*02,TRBV13-2*01,CALIPNYNQGKLIF,CASGDRGDTEVFF
m139,mouse_subject0064,TRAV12D-3*02,TRBV13-3*01,CAFFMNYNQGKLIF,CASSAGTTEVFF
m139,mouse_subject0070,TRAV12D-3*02,TRBV16*01,CALTPNYNQGKLIF,CASSSGGSAETLYF
m139,mouse_subject0070,TRAV3-1*01,TRBV15*01,CAVSASYAQGLTF,CASRSGGGGQNTLYF
m139,mouse_subject0070,TRAV7-2*01,TRBV19*03,CAAPLSNTNKVVF,CASSPSQNTLYF
m139,mouse_subject0070,TRAV7-4*01,TRBV13-1*01,CAALDSNYQLIW,CASSPGSSDYTF
m139,mouse_subject0070,TRAV14-1*01,TRBV20*01,CAASNGDSNYQLIW,CGASWGVEQYF
m139,mouse_subject0070,TRAV7-2*01,TRBV4*01,CAASGSSSFSKLVF,CASSLVGQDTQYF
m139,mouse_subject0070,TRAV3D-3*02,TRBV14*01,CAVSANYAQGLTF,CATGTGSSAETLYF
m139,mouse_subject0070,TRAV11*02,TRBV13-1*01,CVVGENYGSSGNKLIF,CASSEGQGEVFF
m139,mouse_subject0063,TRAV12D-3*02,TRBV19*01,CALSDVGGYSNNKLTF,CASSIPRVYNSPLYF
m139,mouse_subject0063,TRAV12D-3*02,TRBV19*03,CALSENYNQGKLIF,CASSPWGGQGGGNTLYF
m139,mouse_subject0063,TRAV12N-3*01,TRBV13-2*01,CALSDRDMGYKLTF,CASGDPGGNQDTQYF
m139,mouse_subject0063,TRAV12D-3*02,TRBV13-2*01,CALTPNYNQGKLIF,CASGDGGTEKYAEQFF
m139,mouse_subject0063,TRAV9N-2*01,TRBV16*01,CVLSADTNTGKLTF,CASSLDHGLGGHYAEQFF
m139,mouse_subject0074,TRAV17*02,TRBV26*01,CALGPNYRNEKITF,CASSLTLQDTQYF
m139,mouse_subject0074,TRAV7N-5*01,TRBV26*01,CAVSPNSGGGNAKLTF,CASSQTGVEQYF
m139,mouse_subject0074,TRAV7-4*01,TRBV26*01,CAASENYNQGKLIF,CASSLDRNTGQLYF
m139,mouse_subject0074,TRAV7N-5*01,TRBV26*01,CAVSPNSGGSNAKLTF,CASSQTGVEQYF
m139,mouse_subject0074,TRAV7-2*01,TRBV4*01,CAASASSSFSKLVF,CASSASGRAEQFF
m139,mouse_subject0074,TRAV4D-3*03,TRBV19*01,CAAEAGVSGSFNKLTF,CASSIRKNTEVFF
m139,mouse_subject0074,TRAV17*02,TRBV26*01,CALGPNYGNEKITF,CASSLTLQDTQYF
m139,mouse_subject0074,TRAV6-2*01,TRBV29*01,CVLGDSNYQLIW,CASSFPGKGTGQLYF
m139,mouse_subject0074,TRAV7-2*01,TRBV13-2*01,CAALNNVGDNSKLIW,CASGDKYAEQFF
m139,mouse_subject0074,TRAV12D-3*02,TRBV13-1*01,CALSGGNKVVF,CASSDAQWTNTEVFF
m139,mouse_subject0074,TRAV12D-3*02,TRBV2*01,CALIPNYNQGKLIF,CASSQDKGQANTEVFF
m139,mouse_subject0074,TRAV9N-3*01,TRBV4*01,CAVGTGGYKVVF,CASSETGDEQYF
m139,mouse_subject0074,TRAV12N-3*01,TRBV13-2*01,CALSDRDMGYKLTF,CASGETSQNTLYF
m139,mouse_subject0066,TRAV14D-3/DV8*02,TRBV13-3*01,CAASAWGGSNAKLTF,CASSGTGVGNTLYF
m139,mouse_subject0066,TRAV11*02,TRBV13-1*01,CVVEDFGGSNAKLTF,CASSGGSAETLYF
m139,mouse_subject0066,TRAV12N-3*01,TRBV2*01,CALSDPGSFNKLTF,CASSQDLGTANTEVFF
m139,mouse_subject0066,TRAV12D-3*02,TRBV13-1*01,CALRMNYNQGKLIF,CASSGGSAETLYF
m139,mouse_subject0071,TRAV8-2*01,TRBV19*03,CATGSTGNYKYVF,CASSPGTGGDTEVFF
m139,mouse_subject0071,TRAV12D-3*02,TRBV13-1*01,CALTPNYNQGKLIF,CASSAGTSEVFF
m139,mouse_subject0071,TRAV7-3*01,TRBV13-1*01,CAVLTGGYKVVF,CASSAGTSEVFF
m139,mouse_subject0071,TRAV7-2*01,TRBV19*01,CAASEGSALGRLHF,CASSIRNYAEQFF
m139,mouse_subject0071,TRAV14-2*01,TRBV19*01,CAASEDYNQGKLIF,CASSINRGNTLYF
m139,mouse_subject0071,TRAV7-4*01,TRBV26*01,CAASMDSNYQLIW,CASSQGPDYTF
m139,mouse_subject0071,TRAV12N-3*01,TRBV16*01,CALSDRDYAQGLTF,CASSLDWGGVNQDTQYF
m139,mouse_subject0071,TRAV6-2*01,TRBV19*01,CVLGIEYYAQGLTF,CASSTGTPNSDYTF
m139,mouse_subject0071,TRAV12D-3*02,TRBV13-1*01,CALTENYNQGKLIF,CASSDAGGARVFF
m139,mouse_subject0071,TRAV12D-3*02,TRBV13-1*01,CALTPNYNQGKLIF,CASSEGVTEVFF
m139,mouse_subject0065,TRAV10*01,TRBV13-3*01,CAASMNRGSALGRLHF,CASTGAGNTLYF
m139,mouse_subject0065,TRAV7-4*01,TRBV26*01,CAASENYNQGKLIF,CASSQDRNTGQLYF
m139,mouse_subject0065,TRAV7-2*01,TRBV4*01,CAARPSSSFSKLVF,CASSGTGQDTQYF
m139,mouse_subject0065,TRAV12D-3*02,TRBV13-2*01,CALTPNYNQGKLIF,CASGDAGTGVYAEQFF
m139,mouse_subject0065,TRAV7-2*01,TRBV4*01,CAARASSSFSKLVF,CASSRTGQDTQYF
m139,mouse_subject0065,TRAV7N-5*01,TRBV4*01,CAVSTGANTGKLTF,CASSGTGQNTQYF
m139,mouse_subject0065,TRAV12D-3*02,TRBV12-2*01,CALTPNYNQGKLIF,CASSPLTGGAYEQYF
m139,mouse_subject0065,TRAV12D-3*02,TRBV13-1*01,CALTPNYNQGKLIF,CASSEGITEVFF
m139,mouse_subject0065,TRAV12N-3*01,TRBV13-2*01,CALSDRDSNNRIFF,CASGAGPYEQYF
m139,mouse_subject0065,TRAV5-4*01,TRBV13-1*01,CAAPSSSFSKLVF,CASSDHRATEVFF
m139,mouse_subject0065,TRAV6D-6*01,TRBV13-1*01,CALGDPPNTGKLTF,CASTSGVGQDTQYF
m139,mouse_subject0065,TRAV7-2*01,TRBV4*01,CAARASSSFSKLVF,CASSGTGQDTQYF
m139,mouse_subject0065,TRAV15D-1/DV6D-1*04,TRBV17*01,CALWELAGYAQGLTF,CASSSTGRNTQYF
m139,mouse_subject0075,TRAV7-5*01,TRBV13-3*01,CAVSINSAGNKLTF,CASSDGLSPLYF
m139,mouse_subject0075,TRAV14-2*01,TRBV19*03,CAASATSSGQKLVF,CASSWDRGREQYF
m139,mouse_subject0075,TRAV14D-3/DV8*02,TRBV15*01,CAASDSGGSNYKLTF,CASSFNRGNEQYF
m139,mouse_subject0075,TRAV14-2*01,TRBV26*01,CAASATASLGKLQF,CASSTTSQNTLYF
m139,mouse_subject0075,TRAV7-5*01,TRBV26*01,CAVGNSGTYQRF,CASSTTSQNTLYF
m139,mouse_subject0075,TRAV12D-3*02,TRBV4*01,CALIPNYNQGKLIF,CASSSFSAETLYF
m139,mouse_subject0075,TRAV16D/DV11*03,TRBV16*01,CAMRGDSGGSNAKLTF,CASSFDNYEQYF
m139,mouse_subject0075,TRAV7-5*01,TRBV13-2*01,CAVSINSAGNKLTF,CASGDATGGAGQLYF
m139,mouse_subject0075,TRAV7-5*01,TRBV17*01,CAVGNSGTYQRF,CASSTGRNQNTLYF
m139,mouse_subject0075,TRAV7-4*01,TRBV17*01,CAARTNTEGADRLTF,CASSPDKYEQYF
m139,mouse_subject0075,TRAV7-5*01,TRBV19*03,CAVSINSAGNKLTF,CASSWDRGREQYF
m139,mouse_subject0075,TRAV12-3*04,TRBV26*01,CALRPNYNQGKLIF,CASSPTNPAEQFF
m139,mouse_subject0075,TRAV4D-3*03,TRBV29*01,CAAANSGTYQRF,CASSFLRVYEQYF
m139,mouse_subject0075,TRAV4D-3*03,TRBV26*01,CAAANSGTYQRF,CASSPTNPAEQFF
m139,mouse_subject0075,TRAV7-5*01,TRBV15*01,CAVSINSAGNKLTF,CASSFNRGNEQYF
m139,mouse_subject0075,TRAV3-1*01,TRBV26*01,CAVSAFYNQGKLIF,CASSLTGRDTQYF
m139,mouse_subject0075,TRAV14D-3/DV8*02,TRBV13-1*01,CAASDSGGSNYKLTF,CASSLDRYNQDTQYF
m139,mouse_subject0075,TRAV7-5*01,TRBV15*01,CAVGNSGTYQRF,CASSFNRGNEQYF
m139,mouse_subject0075,TRAV5-4*01,TRBV16*01,CAASENYANKMIF,CASSLDNYEQYF
m139,mouse_subject0075,TRAV14D-3/DV8*02,TRBV26*01,CAASDSGGSNYKLTF,CASSTTSQNTLYF
none,control,TRAV8-1*01,TRBV14*01,CATDADTNAYKAIF,CASSFPGLGGRGDTQYF
none,control,TRAV3D-3*02;TRAV3-4*01;TRAV3-1*01,TRBV31*01,CAVSVDYSNNRLTL,CAWNSGESSYEQYF
none,control,TRAV9N-3*01,TRBV19*03;TRBV19*01,CAVVRRAGGYKVVF,CASTGSNSDYTF
none,control,TRAV6-2*01,TRBV17*01,CVLGDSGRSNAKLTF,CASRRTGLNQDTQHH
none,control,TRAV9D-3*01;TRAV9-1*01;TRAV9D-4*04;TRAV9D-2*01,TRBV12-2*01,CAVSAGGSALGRLHF,CASSLDWTNTGQLYF
none,control,TRAV14D-2*01;TRAV14D-2*02;TRAV14-1*02;TRAV14-3*02;TRAV14-3*01;TRAV14D-3/DV8*02;TRAV14D-3/DV8*01;TRAV14D-1*01;TRAV14-2*01,TRBV12-1*01,CAASGGGSAKLIF,CASSPGGRGNTLYF
none,control,TRAV5-4*01;TRAV5D-4*02,TRBV13-2*01,CAAREMSNYNVLYF,CASGDLGWEQYF
none,control,TRAV16*01;TRAV16D/DV11*03,TRBV29*01,CAMRELGDNSKLIW,CASSLPDRSVETLYF
none,control,TRAV4D-3*01;TRAV4D-3*03;TRAV4-4/DV10*01;TRAV4D-4*04;TRAV4-3*01;TRAV4D-4*01;TRAV4D-4*03,TRBV16*01,CAARDNNNAPRF,CASSSGTGDGAEQFF
none,control,TRAV13-3*01;TRAV13-4/DV7*03;TRAV13-1*01;TRAV13D-4*01,TRBV14*01,CAMACGSSGNKLIF,CASSFPGGDTQYF
none,control,TRAV5-4*01;TRAV5D-4*02,TRBV29*01,CAASVNNYAQGLTF,CASGDEQTEVFF
none,control,TRAV10*01,TRBV13-1*01;TRBV13-2*01;TRBV29*01;TRBV8*01;TRBV13-2*05,CAASDRALIF,CASSPPPRGREEQYF
none,control,TRAV14-1*01;TRAV14-2*01,TRBV13-2*01;TRBV16*01,CAASEGTGGYKVVF,CASGDGTGGNTQYF
none,control,TRAV7-6*02,TRBV16*01,CAVKPLDYANKMIF,CASSEQHLSVNQDTQSR
none,control,TRAV12D-2*02;TRAV12-1*01,TRBV2*01,CALRGMATGGKKKVDF,CASSQDRGANTEVFF
none,control,TRAV16*01;TRAV16D/DV11*03,TRBV13-2*05,CTMSNDSGYNKLTF,CASSPPGQSGNTLYF
none,control,TRAV14D-2*01;TRAV14D-2*02;TRAV14-1*02;TRAV14-3*02;TRAV14-3*01;TRAV14D-3/DV8*02;TRAV14D-3/DV8*01;TRAV14D-1*01;TRAV14-2*01,TRBV12-1*01,CAASAGGNTGKLIF,CASSELGGSSAETLYF
none,control,TRAV9D-3*01;TRAV9-1*01;TRAV9D-4*04;TRAV9D-2*01,TRBV12-1*01,CAVSALASSGSWQLIF,CASSPGTGGEQYF
none,control,TRAV12D-1*01;TRAV12-2*01;TRAV12N-3*01,TRBV13-3*01,CALYGSSGNKLIF,CASSETGNGNTLYF
none,control,TRAV3D-3*02;TRAV3-4*01;TRAV3-1*01,TRBV13-2*01,CAGRNYAQGLTF,CASGDKGLGAFNQDTQYF
none,control,TRAV16*01,TRBV12-2*01,CAMREGATGGNNKLTF,CASSRRQAGQLYF
none,control,TRAV16*01,TRBV12-2*01,CVMREGEGGSAKLIF,CASSHWDSAETLYF
none,control,TRAV4D-3*01;TRAV4-2*01;TRAV4-2*02;TRAV4D-3*03;TRAV4-4/DV10*01;TRAV4D-4*04;TRAV4-3*01;TRAV4D-4*01;TRAV4D-4*03;TRAV4D-4*02,TRBV3*01;TRBV3*02,CASEAPSNYNVLYF,CASSRTGDDTQYF
none,control,TRAV9N-3*01,TRBV2*01,CAVRSNYNVLYF,CASSPQGTLYF
none,control,TRAV7-3*01,TRBV19*01,CAVSTGQGGRALIF,CASSITGSQNTLYF
none,control,TRAV14D-2*01;TRAV14D-2*02;TRAV14-1*02;TRAV14-3*02;TRAV14-3*01;TRAV14D-3/DV8*02;TRAV14D-3/DV8*01;TRAV14D-1*01;TRAV14-2*01,TRBV12-2*01;TRBV12-1*01,CAASRDYAQGLTF,CASSLDRPANTEVFF
none,control,TRAV6-2*01,TRBV12-1*01,CAIVPSSGSWQLIF,CASFRDWVYAEQFF
none,control,TRAV12D-2*02,TRBV3*01;TRBV12-2*01;TRBV3*02;TRBV12-1*01,CVLSPMATGGNNKLTF,CASGQPSQNTLYF
none,control,TRAV14D-2*01;TRAV14D-2*02;TRAV14-1*02;TRAV14-3*02;TRAV14-3*01;TRAV14D-3/DV8*02;TRAV14D-3/DV8*01;TRAV14D-1*01;TRAV14-2*01,TRBV12-2*01,CAASGQGYQNFYF,CASGQDSTNERLFF
none,control,TRAV6D-6*01;TRAV6-5*01;TRAV6D-7*01;TRAV6-7/DV9*04,TRBV5*05;TRBV5*01,CALSPHPSSFSKLVF,CASGEEVFF
none,control,TRAV16*01;TRAV16D/DV11*03,TRBV4*01;TRBV4*02,CAMRESQDSGTYQRF,CASSGLGDSAETLYF
none,control,TRAV6D-7*01;TRAV12N-3*01;TRAV6-6*01;TRAV12-1*05;TRAV12-3*02;TRAV6-5*01;TRAV6-7/DV9*08;TRAV12D-1*03;TRAV6D-6*01;TRAV6-7/DV9*02;TRAV6-7/DV9*01;TRAV12D-1*01;TRAV12-1*01;TRAV12-2*01;TRAV6-7/DV9*04,TRBV29*01,CALYNYAQGLNF,CVSSPPDSQNTLYF
none,control,TRAV8-2*01,TRBV17*01,CVLSPDSNYQLIW,CATSSLQDSYEQYF
none,control,TRAV6D-6*01;TRAV6-7/DV9*02;TRAV6-7/DV9*01;TRAV6-5*01;TRAV6-6*01,TRBV12-1*01,CALGVPDRGSALGRLHF,CASGVRDISSYEQYF
none,control,TRAV6D-6*01;TRAV6-5*01;TRAV6D-7*01,TRBV1*01,CALSDHNSNNRIFF,CTCSADLQDRGVTEVFF
none,control,TRAV4D-3*01;TRAV4D-3*03;TRAV4-4/DV10*01;TRAV4D-4*04;TRAV4-3*01;TRAV4D-4*01;TRAV4D-4*03;TRAV4D-4*02,TRBV12-1*01,CVIASSSFSKLVF,CASSLFDRNNQDTQYF
none,control,TRAV6D-6*01;TRAV6-7/DV9*02;TRAV6-7/DV9*01;TRAV6-5*01;TRAV6-6*01,TRBV17*01,CALGERKDMGYKLTF,CASSSGGSAEQFF
none,control,TRAV14D-3/DV8*01,TRBV3*01;TRBV3*02,CAASDMNYNQGKLIF,CASSHDKNTGQLYF
none,control,TRAV12-3*04,TRBV5*01,CALRRDYAQGLTF,CASSQDGGRGTGQLYF
none,control,TRAV7-2*01,TRBV3*01;TRBV3*02,CAAASSNTNKVVF,CASGEGQGYAEQFF
none,control,TRAV7-2*01;TRAV7-3*02;TRAV7-3*01,TRBV17*01,CAGGPGGYKVVF,CASSRQGTDERLFF
none,control,TRAV13-1*01;TRAV13D-1*03;TRAV13-2*01,TRBV19*03;TRBV19*01,CALYMDSNYQLIW,CASSLTGSGNTLYF
none,control,TRAV3-3*01,TRBV13-1*01,CAVSHVVDNSKLIW,CASGDALGGWGAETLYF
none,control,TRAV12-3*01;TRAV12D-3*02;TRAV12-3*04;TRAV12D-2*01;TRAV12-1*02;TRAV12D-1*05,TRBV29*01,CAFMNYGSSGIKLIF,CASSSTGRDYEQYF
none,control,TRAV9D-3*01;TRAV9-1*01;TRAV9D-4*04;TRAV9D-2*01,TRBV12-2*01,CAVSAPFTGSGGKLTL,CASSLTAEVFF
none,control,TRAV9N-3*01,TRBV3*01;TRBV3*02,CAVSMTRGYKLTF,CASSLKGDQAPLF
none,control,TRAV10*01,TRBV3*01;TRBV3*02,CAARRSSNTNKVVF,CASSRTLAETLYF
none,control,TRAV16*01,TRBV29*01,CAMREGDTNAYKVIL,CASSRRQGSAETLYF
none,control,TRAV12D-2*02;TRAV12-1*01,TRBV13-1*01;TRBV13-2*01;TRBV13-2*05,CALSERTGVYKVVF,CASSLRGWQNTLYF
none,control,TRAV14D-3/DV8*01,TRBV12-1*01,CATSPSGSWQLIF,CASSDATGGNTEVFF
none,control,TRAV6D-6*03,TRBV4*01;TRBV4*02,CAPSENQGGRALIF,CASSRLGGWGAETLYF
none,control,TRAV12D-1*01;TRAV12-2*01;TRAV12N-3*01,TRBV19*03;TRBV19*01,CAQSNYNVLYF,CASSSGTDTGQLYF
none,control,TRAV12-3*01;TRAV12D-2*01;TRAV12D-3*02,TRBV15*01,CALSGSSSFSKLGF,CASSLRDKTSGNTLYF
none,control,TRAV8-2*01,TRBV24*02,CANDTSNMGYKLTF,CASSPGQRGSAETLYF
none,control,TRAV3D-3*02;TRAV3-4*01;TRAV3-1*01,TRBV12-1*01,CAVPNTNAYKVIF,CASSPRQGDNSPLSG
none,control,TRAV6D-7*01;TRAV6-2*01;TRAV6-5*01;TRAV6D-6*01;TRAV6-7/DV9*02;TRAV6-7/DV9*01;TRAV6-7/DV9*04;TRAV6-6*01,TRBV17*01,CASNYNQGKLIF,CASSRGQANTEVFF
none,control,TRAV16*01,TRBV13-1*01;TRBV29*01;TRBV13-2*05;TRBV8*01,CAMREGTGGYKVVF,CASSAGLGPSAETLYF
none,control,TRAV6-2*01,TRBV17*01,CAMRTEGADRLTF,CASSREGPPYEQYF
none,control,TRAV9-4*01,TRBV12-2*01;TRBV12-1*01,CALSSNTNKVVF,CASSLEGAGAETLYF
none,control,TRAV7-6*02,TRBV1*02;TRBV1*01,CAVSPMDSNYQLIW,CTCSAPSGAGGNTLYF
none,control,TRAV19*01,TRBV12-1*01;TRBV16*01,CAAGGGDYANKMIF,CASSVDWGVSYEQYF
none,control,TRAV13-3*01;TRAV13-1*01;TRAV13D-4*01,TRBV4*01;TRBV4*02,CAMERGSNNRIFL,CASRRGTGFQAPLF
none,control,TRAV6D-6*01;TRAV6-7/DV9*02;TRAV6-7/DV9*01;TRAV6-5*01;TRAV6-6*01,TRBV12-1*01,CALGEGANTGYQNFYF,CASSLVESSAETLYF
none,control,TRAV9N-2*01;TRAV9D-4*03,TRBV17*01,CVLSPNSGGSNAKLPF,CASSRGQGAKEQYF
none,control,TRAV16*01,TRBV12-2*01;TRBV12-1*01,CAMREGPDSGGSNYKLTS,CASSLGTGGDFSYEQYF
none,control,TRAV7-3*01,TRBV13-2*01,CAVTGTNAYKVIF,CASGDAVLGASQNTLYF
none,control,TRAV14-1*01;TRAV14-2*01,TRBV13-1*01;TRBV29*01;TRBV13-2*05;TRBV8*01,CAATPNNNNAPRL,CASSQGQNERLFF
none,control,TRAV14D-3/DV8*02,TRBV15*01,CAAIDNNNAPRF,CASRDWGTYAEQFF
none,control,TRAV10*01,TRBV12-2*01,CAASMDYNQGKLIF,CASSPQDNYAEQFF
none,control,TRAV14D-2*01;TRAV14D-2*02;TRAV14-1*02;TRAV14-3*02;TRAV14-3*01;TRAV14D-3/DV8*02;TRAV14D-3/DV8*01;TRAV14D-1*01;TRAV14-2*01,TRBV26*01;TRBV24*01,CAASEAVYKLTF,CASSLGQGTEVFF
none,control,TRAV6-1*01,TRBV12-2*01;TRBV12-1*01,CVLGETGGYKVVF,CASSHDRGNSGNTLYF
none,control,TRAV15-1/DV6-1*01;TRAV15D-1/DV6D-1*04,TRBV13-3*01,CALWELSNTGYQNFNF,CASSRQGGDTEVFF
none,control,TRAV7-5*03,TRBV3*01;TRBV3*02,CAPSTSALTF,CARSGQSDYTF
none,control,TRAV9N-2*01;TRAV9D-4*03,TRBV16*01,CVLSANTNAYNVIF,CASSPQTGGDQDTQYF
none,control,TRAV3D-3*02;TRAV3-4*01;TRAV3-3*01;TRAV3-1*01,TRBV5*01,CAVSDDSGYNKLTF,CVSSQDGYEQYF
none,control,TRAV6D-6*01;TRAV6-7/DV9*02;TRAV6-7/DV9*01;TRAV6-5*01;TRAV6-6*01,TRBV2*01,CALAGGTNAKLTF,CASSQPGQKNERLFF
none,control,TRAV7-2*01,TRBV1*01,CAARVYGSSGKKLIF,CTCSADDAEQYF
none,control,TRAV9N-3*01,TRBV16*01,CAVGTGYQNFYF,CASSLWQSAETLYF
none,control,TRAV16*01;TRAV16D/DV11*03,TRBV16*01,CAMRGDTYAYKVIF,CASSSGTEYEQYF
none,control,TRAV12-3*01;TRAV12D-2*01;TRAV12D-3*02,TRBV13-2*01,CALSDPQLNYNQGKLIF,CASGDACCQNTLYF
none,control,TRAV12N-3*01;TRAV12-3*02;TRAV12-1*05;TRAV12D-1*01;TRAV12-1*01;TRAV12-2*01,TRBV14*01,CALINNYAQGLTF,CASSRQGASAETLYF
none,control,TRAV14D-2*01;TRAV14D-2*02;TRAV14-1*02;TRAV14-3*02;TRAV14-3*01;TRAV14D-3/DV8*02;TRAV14D-3/DV8*01;TRAV14D-1*01;TRAV14-2*01,TRBV12-2*01;TRBV12-1*01,CAAMSNYNVLYF,CARSLEGPNTEVFF
none,control,TRAV16*01,TRBV13-2*01,CAMREAITGNSGKLIF,CASGDARGSAETLYF
none,control,TRAV16*01,TRBV13-2*01,CAMREAITGNSGKLIF,CASGDARGSAETLYF
none,control,TRAV6D-6*01;TRAV6-5*01;TRAV6D-7*01;TRAV6-7/DV9*04,TRBV13-1*01;TRBV13-2*05,CALSLDSNYQLIW,CASSPDWVSAETLYF
none,control,TRAV4-2*01;TRAV4D-3*03;TRAV4-4/DV10*01;TRAV4-3*01;TRAV4D-4*01;TRAV4D-4*03;TRAV4D-3*01,TRBV13-1*01,CAAEAGTGYQNFYL,CASSDSWGGSQNTLYF
none,control,TRAV12D-2*02;TRAV12-1*01,TRBV3*01;TRBV3*02,CALTSGGNYKPTF,CASSQQGGQNTLYF
