Epitope,Subject,va,vb,cdr3a,cdr3b
M1,human_subject0027,TRAV35*02,TRBV19*01,CAGNYGGSQGNLIF,CASSIRGSGEQYF
M1,human_subject0027,TRAV27*01,TRBV19*01,CAGGGSQGNLIF,CASSVRSSYEQYF
M1,human_subject0027,TRAV27*01,TRBV19*01,CAGGGSQGNLIF,CASSIRSSYEQYF
M1,human_subject0027,TRAV25*01,TRBV19*01,CACNYGGSQGNLIF,CASSIRSTDTQYF
M1,human_subject0027,TRAV27*01,TRBV19*01,CAGAPSSSNTGKLIF,CASSIRSAYEQYF
M1,human_subject0027,TRAV27*01,TRBV19*01,CAGVGGGSQGNLIF,CASSIRSSYEQYF
M1,human_subject0027,TRAV27*01,TRBV19*01,CAGADGGSQGNLIF,CASSGRSTDTQYF
M1,human_subject0027,TRAV27*01,TRBV19*01,CAGGGSQGNLIF,CASSIRSSYEQYF
M1,human_subject0027,TRAV27*01,TRBV19*01,CAGAGGGSQGNLIF,CASSGRSADTQYF
M1,human_subject0027,TRAV27*01,TRBV6-3*01,CAGGRQTGANNLFF,CASSYLEGSETQETQYF
M1,human_subject0027,TRAV27*01,TRBV19*01,CAGVYGGSQGNLIF,CASSIRSAHEQYF
M1,human_subject0027,TRAV25*01,TRBV19*01,CAGASGGGSQGNLIF,CASSGRSTDTQYF
M1,human_subject0027,TRAV27*01,TRBV19*01,CAGGGSQGNLIF,CASSIRSSYEQYF
M1,human_subject0027,TRAV38-1*01,TRBV19*01,CAFMSNAGGTSYGKLTF,CASSIGVYGYTF
M1,human_subject0027,TRAV27*01,TRBV19*01,CAGNYGGSQGNLIF,CASSSRASYEQYF
M1,human_subject0027,TRAV27*01,TRBV19*01,CAGAGGGSQGNLIF,CASSGRSADTQYF
M1,human_subject0027,TRAV27*01,TRBV19*01,CATGGSQGNLIF,CASSTRSSYEQYF
M1,human_subject0027,TRAV35*02,TRBV19*01,CAGPDTYRDGGSQGNLIF,CASSPRSGNEQFF
M1,human_subject0027,TRAV27*01,TRBV19*01,CAGAVGSSNTGKLIF,CASSIRSSYEQYF
M1,human_subject0027,TRAV8-6*02,TRBV19*01,CAVSGSQGNLIF,CASSSRSSYEQYF
M1,human_subject0027,TRAV27*01,TRBV19*01,CAGALGGSQGNLIF,CASSSRSSYEQYF
M1,human_subject0027,TRAV27*01,TRBV19*01,CAGGGSQGNLIF,CASSIRSSYEQYF
M1,human_subject0027,TRAV27*01,TRBV19*01,CAGGGSQGNLIF,CASSIRSSYEQYF
M1,human_subject0027,TRAV27*01,TRBV19*01,CAGVGGGSQGNLIF,CASSIRASYEQYF
M1,human_subject0027,TRAV27*01,TRBV19*01,CAGVDGGSQGNLIF,CASSTRSAYEQYF
M1,human_subject0027,TRAV27*01,TRBV19*01,CAGSSGGSQGNLIF,CASSYRSSYEQYF
M1,human_subject0027,TRAV8-6*02,TRBV19*01,CAVSGSQGNLIF,CASSVRSSYEQYF
M1,human_subject0027,TRAV27*01,TRBV19*01,CAANYGGSQGNLIF,CASSLRSSYEQYF
M1,human_subject0027,TRAV27*01,TRBV19*01,CAGSDGGSQGNLIF,CASSMRSTDTQYF
M1,human_subject0027,TRAV25*01,TRBV19*01,CASPGDGGSQGNLIF,CASSPRSTDTQYF
M1,human_subject0027,TRAV19*01,TRBV20-1*01,CALSGSDYKLSF,CSARGGDSVLRVGEQYF
M1,human_subject0027,TRAV8-6*02,TRBV19*01,CAVDGSQGNLIF,CASSPRGGMTQHF
M1,human_subject0027,TRAV22*01,TRBV4-3*01,CAVKPGTASKLTF,CASSQDLTSEAFF
M1,human_subject0027,TRAV27*01,TRBV19*01,CAGALTNAGKSTF,CASSIRASYEQYF
M1,human_subject0027,TRAV27*01,TRBV19*01,CAGASGSSNTGKLIF,CASSIRSAYEQYF
M1,human_subject0027,TRAV27*01,TRBV19*01,CAGAGGGSQGNLIF,CASSRRSTDTQYF
M1,human_subject0027,TRAV27*01,TRBV19*01,CAGAHGSSNTGKLIF,CASSIRSAYEQYF
M1,human_subject0027,TRAV27*01,TRBV19*01,CAGASGSSNTGKLIF,CASSIRSAYEQYF
M1,human_subject0027,TRAV27*01,TRBV19*01,CAGGGSSNTGKLIF,CASSIRSSYEQYF
M1,human_subject0027,TRAV27*01,TRBV19*01,CAGAGGGSQGNLIF,CASSKRSTGELFF
M1,human_subject0027,TRAV12-2*03,TRBV19*01,CAGGGSQGNLIF,CASSIRSQVEQFF
M1,human_subject0027,TRAV13-2*01,TRBV19*01,CAENEGGGSQGNLIF,CASSIRSAGRAFF
M1,human_subject0027,TRAV27*01,TRBV19*01,CAGGGSQGNLIF,CASSIRSSYEQYF
M1,human_subject0027,TRAV8-6*02,TRBV19*01,CAVGGSQGNLIF,CASSIRSSYEQYF
M1,human_subject0027,TRAV25*01,TRBV19*01,CAGNYGGSQGNLIF,CASSLRSTDTQYF
M1,human_subject0027,TRAV27*01,TRBV19*01,CAGSQNYGGSQGNLIF,CASSWVSLDTQYF
M1,human_subject0027,TRAV27*01,TRBV19*01,CAGGTGGSQGNLIF,CASSIRSGYEQYF
M1,human_subject0028,TRAV38-2/DV8*01,TRBV6-1*01,CAYSYGGSQGNLIF,CASSDGTGGILYEQYF
M1,human_subject0028,TRAV27*03,TRBV19*01,CAGALTGYGGSQGNLIF,CASSIRSSYEQYF
M1,human_subject0028,TRAV10*01,TRBV6-5*01,CSAGSNYQLIW,CASTPQGAYEQYF
M1,human_subject0028,TRAV27*03,TRBV19*01,CAGGGSQGNLIF,CASSIRSSYEQYF
M1,human_subject0028,TRAV38-2/DV8*01,TRBV9*01,CAFSMEYGNKLVF,CASSGQGGTEAFF
M1,human_subject0028,TRAV1-2*01,TRBV12-4*02,CAVRVPDQTGANNLFF,CASSLRVSYNEQFF
M1,human_subject0028,TRAV12-2*03,TRBV4-1*01,CAVHLSAYSGAGSYQLTF,CASSQDKGRAYEQYF
M1,human_subject0028,TRAV27*03,TRBV9*01,CAGPEGGYSGAGSYQLTF,CASSVSGATADTQYF
M1,human_subject0028,TRAV29/DV5*01,TRBV19*01,CAASGGTGNQFYF,CASRLAGSHEQYF
M1,human_subject0028,TRAV35*02,TRBV12-4*02,CAGTGFQKLVF,CASSLGDRPSTDTQYF
M1,human_subject0028,TRAV27*03,TRBV19*01,CATGGSQGNLIF,CASSIRSSYEQYF
M1,human_subject0028,TRAV27*03,TRBV19*01,CAGAGSQGNLIF,CASSTRSSYEQYF
M1,human_subject0028,TRAV27*03,TRBV19*01,CAGGGSQGNLIF,CASSIRSSYEQYF
M1,human_subject0028,TRAV8-2*01,TRBV7-9*01,CVVSGDDTGNQFYF,CASSLTLVFEAFF
M1,human_subject0028,TRAV29/DV5*01,TRBV19*01,CAAISDYKLSF,CASSIRSSYEQYF
M1,human_subject0028,TRAV12-1*01,TRBV20-1*07,CVVPESGNTGKLIF,CSAAGLAGGSYEQYF
M1,human_subject0028,TRAV27*03,TRBV19*01,CAYGGSQGNLIF,CASSIRSSYEQYF
M1,human_subject0028,TRAV27*03,TRBV19*01,CAAGGSQGNLIF,CASSIRSSYEQYF
M1,human_subject0028,TRAV17*01,TRBV2*03,CATDGEYAGGTSYGKLTF,CASSVRTGYTEAFF
M1,human_subject0028,TRAV36/DV7*04,TRBV5-4*01,CAVEAREYGNKLVF,CASSSEASGENF
M1,human_subject0028,TRAV27*03,TRBV19*01,CAGAVGSSNTGKLIF,CASSIRSAYEQYF
M1,human_subject0028,TRAV27*03,TRBV19*01,CAAGGSQGNLIF,CASSIRSSYEQYF
M1,human_subject0028,TRAV27*03,TRBV19*01,CAGGGSQGNLIF,CASSIRSSYEQYF
M1,human_subject0028,TRAV27*03,TRBV19*01,CAGASGSSNTGKLIF,CASSIRSAYEQYF
M1,human_subject0028,TRAV27*03,TRBV19*01,CAGGGSQGNLIF,CASSIRSSYEQYF
M1,human_subject0028,TRAV27*03,TRBV19*01,CAGGGSQGNLIF,CASSIRSSYEQYF
M1,human_subject0028,TRAV27*03,TRBV19*01,CAGGGSQGNLIF,CASSIRSSYEQYF
M1,human_subject0028,TRAV13-1*02,TRBV7-6*01,CAAENNNDMRF,CASSLGTSYEQYF
M1,human_subject0028,TRAV27*03,TRBV19*01,CAGAGGGSQGNLIF,CASSIRSGYEQYF
M1,human_subject0028,TRAV27*03,TRBV19*01,CAAGGSQGNLIF,CASSIRSSYEQYF
M1,human_subject0028,TRAV27*03,TRBV19*01,CAGAFGSSNTGKLIF,CASSIRSAYEQYF
M1,human_subject0028,TRAV27*03,TRBV19*01,CAGAMGGGSQGNLIF,CASSIRASYEQYF
M1,human_subject0028,TRAV21*01,TRBV27*01,CAVGGTTDSWGKLQF,CASRGSLNQPQHF
M1,human_subject0028,TRAV14/DV4*02,TRBV27*01,CALHSGGYQKVTF,CASSPTRPVEQYF
M1,human_subject0028,TRAV19*01,TRBV7-2*04,CALSEATSGTYKYIF,CASSRGQLYEQYF
M1,human_subject0028,TRAV27*03,TRBV19*01,CAGAGSQGNLIF,CASSSRSAYEQYF
M1,human_subject0028,TRAV27*03,TRBV19*01,CAGGGNGGSQGNLIF,CASSIRSSYEQYF
M1,human_subject0028,TRAV27*03,TRBV19*01,CAYGGSQGNLIF,CASSIRSSYEQYF
M1,human_subject0028,TRAV13-1*02,TRBV6-6*03,CAVPYGNKLVF,CASTTGTVNTEAFF
M1,human_subject0028,TRAV27*03,TRBV19*01,CAGGGSQGNLIF,CASSIRSSYEQYF
M1,human_subject0028,TRAV9-2*01,TRBV13*01,CALSRAGGTSYGKLTF,CASSSRQGAANEKLFF
M1,human_subject0015,TRAV27*01,TRBV19*01,CAGGGSQGNLIF,CAPLKGSSYEQYF
M1,human_subject0015,TRAV27*01,TRBV19*03,CAGGGSQGNLIF,CASSVRSSYEQYF
M1,human_subject0015,TRAV8-3*01,TRBV19*02,CAVDDTNAGKSTF,CASSLRSTDTQYF
M1,human_subject0015,TRAV6*01,TRBV19*02,CALDMGGGSQGNLIF,CASSIRSTDTQYF
M1,human_subject0015,TRAV24*01,TRBV19*03,CAQGDGGSQGNLIF,CASSGRSTDTQYF
M1,human_subject0015,TRAV38-2/DV8*01,TRBV19*02,CAYSVNAGGTSYGKLTF,CASSIGTYGYTF
M1,human_subject0015,TRAV38-2/DV8*01,TRBV19*02,CAWGHNAGGTSYGKLTF,CASSIGLYGYTF
M1,human_subject0015,TRAV38-1*01,TRBV19*02,CAFMLGAGGTSYGKLTF,CASSIGYYGYTF
M1,human_subject0015,TRAV8-3*01,TRBV19*02,CAVPKGSQGNLIF,CASSIRSSYEQYF
M1,human_subject0015,TRAV13-2*02,TRBV19*02,CAEEHDRMYSGGGADGLTF,CASSVRSSYEQYF
M1,human_subject0015,TRAV27*01,TRBV19*02,CAGGGSQGNLIF,CASSIRSSYEQYF
M1,human_subject0015,TRAV27*01,TRBV19*02,CAGGGSQGNLIF,CASSIRSSYEQYF
M1,human_subject0015,TRAV27*01,TRBV19*02,CAGAVGSSNTGKLIF,CASSIRSSYEQYF
M1,human_subject0015,TRAV27*01,TRBV19*02,CAGEGGGSQGNLIF,CASSIRSSYEQYF
M1,human_subject0015,TRAV3*01,TRBV19*02,CAVREVEYGNKLVF,CASSIGYYGYTF
M1,human_subject0015,TRAV12-2*03,TRBV19*02,CAVTPSNTGKLIF,CASSIRSAYEQYF
M1,human_subject0015,TRAV27*01,TRBV19*02,CAGGGSQGNLIF,CASSIRSSYEQFF
M1,human_subject0015,TRAV27*01,TRBV19*02,CAYGGSQGNLIF,CASSIRSSYEQYF
M1,human_subject0015,TRAV27*01,TRBV19*02,CAGGGSQGNLIF,CASSIRSSYEQYF
M1,human_subject0015,TRAV12-2*03,TRBV19*02,CAVNPSNTGKLIF,CASSSRSSYEQYF
M1,human_subject0015,TRAV27*01,TRBV19*02,CAGAGDNTGKLIF,CASSVRSSYEQYF
M1,human_subject0015,TRAV27*01,TRBV19*02,CAGAPGSSNTGKLIF,CASSTRSSYEQYF
M1,human_subject0015,TRAV6*01,TRBV19*02,CALDMGGGSQGNLIF,CASSIRAADTQYF
M1,human_subject0011,TRAV12-3*02,TRBV19*02,CAMSGEGGSQGNLIF,CASSMRSAGELFF
M1,human_subject0011,TRAV27*01,TRBV19*02,CPGADGGIQRNLIF,CASSIMGSGNTIYF
M1,human_subject0011,TRAV27*01,TRBV19*02,CAGGGSQGNLIF,CASSIRSSYEQYF
M1,human_subject0011,TRAV19*01,TRBV19*02,CALLYARLMF,CASSIRSSYEQYF
M1,human_subject0011,TRAV14/DV4*02,TRBV19*02,CAMRGDPGGTSYGKLTF,CASSILSNTEAFF
M1,human_subject0011,TRAV38-1*01,TRBV19*02,CAFMIGAGGTSYGKLTF,CASSIGSYGYTF
M1,human_subject0011,TRAV29/DV5*01,TRBV19*03,CAASGSSNAGNMLTF,CASRSGREAFF
M1,human_subject0011,TRAV27*01,TRBV19*02,CAGAHGSSNTGKLIF,CASSIRSAYEQYF
M1,human_subject0011,TRAV27*01,TRBV19*02,CAGGGSQGNLIF,CASSIRSSYEQYF
M1,human_subject0011,TRAV27*01,TRBV19*02,CAAGGSQGNLIF,CASSIRSSYEQYF
M1,human_subject0011,TRAV27*01,TRBV19*02,CAGGGSQGNLIF,CASSIRSSYEQYF
M1,human_subject0011,TRAV27*01,TRBV19*02,CAGDLVIYGGSQGNLIF,CASSIRSSYEQYF
M1,human_subject0011,TRAV27*01,TRBV19*03,CAGADGGSQGNLIF,CASSGRSAGELFF
M1,human_subject0011,TRAV27*01,TRBV19*03,CSAGGSQGNLIF,CASSIRSSYEQYF
M1,human_subject0026,TRAV3*01,TRBV6-1*01,CALNDYKLSF,CASSEAISGAWDEQFF
M1,human_subject0026,TRAV14/DV4*01,TRBV6-3*01,CAMRDSQGGSEKLVF,CASSYGLEQFF
M1,human_subject0026,TRAV27*01,TRBV19*01,CAGGGSQGNLIF,CASSIRSSYEQYF
M1,human_subject0026,TRAV17*01,TRBV19*01,CATDALGNGNEKLTF,CATQGDNTYEQYF
M1,human_subject0026,TRAV19*01,TRBV27*01,CALSEASGNAGNMLTF,CASSSPTSGDYEQYF
M1,human_subject0026,TRAV1-2*01,TRBV5-4*04,CAGIDNYGQNFVF,CASSGGRNQPQHF
M1,human_subject0026,TRAV19*01,TRBV27*01,CALDSSDGQKLLF,CASSPLIGEQYF
M1,human_subject0026,TRAV27*01,TRBV19*01,CAGGGSQGNLIF,CASSIRSSYEQYF
M1,human_subject0026,TRAV27*01,TRBV20-1*01,CAGARAGGTSYGKLTF,CSARVRGDVYGYTF
M1,human_subject0026,TRAV19*01,TRBV4-1*02,CALSEAGKTSYDKVIF,CASSQVEAFYEQYF
M1,human_subject0026,TRAV20*01,TRBV28*01,CAVINQAGTALIF,CASSLERNTYEQYF
M1,human_subject0026,TRAV8-6*02,TRBV4-1*01,CAVSVRMDSSYKLIF,CASSQDPGYEQYF
M1,human_subject0026,TRAV38-2/DV8*01,TRBV6-5*01,CAYEVRDDKIIF,CASSYSGHVNTEAFF
M1,human_subject0026,TRAV3*01,TRBV20-1*01,CAVNLNEKLTF,CSARDGTRAHYEQFF
M1,human_subject0026,TRAV19*01,TRBV19*01,CALSEAGRGGSYIPTF,CASSIFGGAEAFF
M1,human_subject0026,TRAV27*01,TRBV19*01,CAGGGSQGNLIF,CASSIRSSYEQYF
M1,human_subject0026,TRAV8-4*05,TRBV14*01,CAGLSGGSYIPTF,CASSQDWGAGTQYF
M1,human_subject0012,TRAV27*01,TRBV19*02,CAGADGGSQGNLIF,CASSGRAAGELFF
M1,human_subject0012,TRAV27*01,TRBV19*02,CAGAVGSSNTGKLIF,CASSIRSGYEQYF
M1,human_subject0012,TRAV27*01,TRBV19*02,CAGAIGSSNTGKLIF,CASSVRSSYEQYF
M1,human_subject0012,TRAV3*01,TRBV19*02,CAVRDGTGANNLFF,CASSISSTGELFF
M1,human_subject0012,TRAV20*01,TRBV19*02,CAVAPTGNVLHC,CASSIRSTGELFF
M1,human_subject0012,TRAV27*01,TRBV19*03,CAGAGGGSQGNLIF,CASSIRATGELFF
M1,human_subject0012,TRAV23/DV6*03,TRBV19*02,CALAGSQGNLIF,CASSIRASYEQYF
M1,human_subject0012,TRAV21*01,TRBV19*02,CAVPNTNAGKSTF,CASSSRSGNEKLFF
M1,human_subject0012,TRAV27*01,TRBV19*02,CAGAFGSSNTGKLIF,CASSIRSSYEQYF
M1,human_subject0012,TRAV27*01,TRBV19*02,CAGGGSQGNLIF,CASSIRSSYEQYF
M1,human_subject0012,TRAV3*01,TRBV19*03,CAVRDGTGANNLFF,CASSPPPGAVETQYF
M1,human_subject0012,TRAV29/DV5*01,TRBV19*02,CPGGSQGNLIF,CASSIGVYGYTF
M1,human_subject0012,TRAV27*01,TRBV19*02,CAAGGSQGNLIF,CASSVRSSYEQYF
M1,human_subject0012,TRAV27*01,TRBV19*03,CAGADGGSQGNLIF,CASSSRSAGELFF
M1,human_subject0012,TRAV27*01,TRBV19*02,CAGGDGGSQGNLIF,CASSIRSTGELFF
M1,human_subject0012,TRAV27*01,TRBV19*02,CAGAGSQGNLIF,CASSVRSSYEQYF
M1,human_subject0012,TRAV6*01,TRBV19*02,CALDMGGGSQGNLIF,CASSARSTDTQYF
M1,human_subject0007,TRAV35*01,TRBV5-6*01,CAGRDGGSQGNLIF,CASSSRSRQYRGSSYEQYF
M1,human_subject0007,TRAV8-6*02,TRBV28*01,CAVSDSGTGNQFYF,CASSQMTGLNTEAFF
M1,human_subject0007,TRAV27*01,TRBV27*01,CAGPFGRLMF,CASSLFPGFGEQYF
M1,human_subject0007,TRAV12-1*01,TRBV24/OR9-2*01,CVVRDNNDMRF,CATSDFEVAGSSYNEQFF
M1,human_subject0007,TRAV27*01,TRBV19*02,CAGASGSSNTGKLIF,CASSIRSSYEQYF
M1,human_subject0007,TRAV35*02,TRBV27*01,CAGPDGSSNTGKLIF,CASSLIFPSGEQYF
M1,human_subject0007,TRAV4*01,TRBV25-1*01,CLVGSMDSNYQLIW,CASSSQSNQPQHF
M1,human_subject0025,TRAV35*01,TRBV19*01,CAGAGDGGSQGNLIF,CASSMRAGYEQYF
M1,human_subject0025,TRAV27*01,TRBV19*01,CAGAGGGSQGNLIF,CASSSRATGELFF
M1,human_subject0025,TRAV27*01,TRBV19*01,CAGAGQGGSQGNLIF,CASSFYSNQPQHF
M1,human_subject0025,TRAV29/DV5*01,TRBV19*01,CAASAGGGSQGNLIF,CASSIRASYEQYF
M1,human_subject0025,TRAV27*01,TRBV19*01,CAGGGSQGNLIF,CASSIRSSYEQYF
M1,human_subject0025,TRAV14/DV4*01,TRBV19*03,CAMRGDAGGTSYGKLTF,CASRIDSNQPQHF
M1,human_subject0025,TRAV25*01,TRBV19*01,CDGVGGGSQGNLIF,CASSDRATQPQHF
M1,human_subject0025,TRAV27*01,TRBV19*01,CAGEGGGSQGNLIF,CASSIRSSYEQYF
M1,human_subject0025,TRAV3*01,TRBV19*01,CAVSYGGSQGNLIF,CASSIRSSYEQYF
M1,human_subject0025,TRAV27*01,TRBV19*01,CAGGGSQGNLIF,CASSIRSSYEQYF
M1,human_subject0025,TRAV27*01,TRBV19*01,CAGAFGSSNTGKLIF,CASSIRSSYEQYF
M1,human_subject0025,TRAV27*01,TRBV19*01,CATGGSQGNLIF,CASSIRSSYEQYF
M1,human_subject0025,TRAV27*01,TRBV19*01,CAGASGSSNTGKLIF,CASSIRSGWEQYF
M1,human_subject0025,TRAV27*01,TRBV19*01,CAGATGGSQGNLIF,CASSIRSDYEQYF
M1,human_subject0025,TRAV27*01,TRBV19*01,CAGVEYGGSQGNLIF,CASSIRSSVEQFF
M1,human_subject0025,TRAV27*01,TRBV19*01,CAGASGNTGKLIF,CASSIRSSYEQYF
M1,human_subject0025,TRAV35*01,TRBV19*01,CAGVTYGGSQGNLIF,CASSLRSSYEQYF
M1,human_subject0025,TRAV27*01,TRBV19*01,CAGAVGSSNTGKLIF,CASSIRSSYEQYF
M1,human_subject0025,TRAV12-2*03,TRBV19*01,CAHGGSQGNLIF,CASSIRSSYEQYF
M1,human_subject0025,TRAV27*01,TRBV19*01,CAGAGGGSQGNLIF,CASSSRSTDTQYF
M1,human_subject0025,TRAV25*01,TRBV19*01,CAGPEDGGSQGNLIF,CASSIRSSGPQFF
M1,human_subject0025,TRAV27*01,TRBV19*01,CAGEGGGSQGNLIF,CASSIRSSYEQYF
M1,human_subject0025,TRAV27*01,TRBV19*01,CAGVGGGSQGNLIF,CASSIRASYEQYF
M1,human_subject0025,TRAV13-2*01,TRBV19*01,CAENNGGGSQGNLIF,CASSDRSGNEQFF
M1,human_subject0025,TRAV27*01,TRBV19*01,CAGGGSQGNLIF,CASSIRSSYEQYF
M1,human_subject0025,TRAV27*01,TRBV19*01,CAGASGNTGKLIF,CASSIRSSYEQYF
M1,human_subject0025,TRAV27*01,TRBV19*01,CAGAGGGSQGNLIF,CASSIRATGELFF
M1,human_subject0025,TRAV27*01,TRBV19*01,CAGAMGSSNTGKLIF,CASSIRSAYEQYF
M1,human_subject0025,TRAV12-2*03,TRBV19*01,CAVNGGGGSQGNLIF,CASSTRAAYEQYF
M1,human_subject0025,TRAV27*01,TRBV19*01,CAGAAGSSNTGKLIF,CASSIRSAYEQYF
M1,human_subject0025,TRAV27*01,TRBV19*01,CAGVGGGSQGNLIF,CASSIRSSYEQYF
M1,human_subject0025,TRAV22*01,TRBV19*01,CAVDGGGGSQGNLIF,CASSIRSSYEQYF
M1,human_subject0025,TRAV3*01,TRBV19*01,CAVRDIGEYGNKLVF,CASGGLVHEQFF
M1,human_subject0025,TRAV13-2*01,TRBV19*01,CAENIGGGSQGNLIF,CASSMRSGETQYF
M1,human_subject0025,TRAV38-1*01,TRBV19*01,CAFMIGAGGTSYGKLTF,CASSQGAFGYTF
M1,human_subject0025,TRAV13-2*01,TRBV19*01,CAENMGGGSQGNLIF,CASSDRAGNEQFF
M1,human_subject0025,TRAV29/DV5*01,TRBV19*01,CAASAGGGSQGNLIF,CASSIRASYEQYF
M1,human_subject0025,TRAV29/DV5*01,TRBV19*01,CAASEGGGSQGNLIF,CASSIRSSYEQYF
M1,human_subject0025,TRAV8-1*01,TRBV19*01,CAVNAGGGSQGNLIF,CASSIRASYEQYF
M1,human_subject0025,TRAV35*01,TRBV19*01,CAGQLGGGSQGNLIF,CASSIRSSETQYF
M1,human_subject0025,TRAV27*01,TRBV19*01,CAGAGGGSQGNLIF,CASSGRSTDTQYF
M1,human_subject0025,TRAV3*01,TRBV19*01,CAVTSNTGKLIF,CASSIRSSYEQYF
M1,human_subject0025,TRAV3*01,TRBV19*01,CAVTGGGSQGNLIF,CASSFRSSYEQYF
M1,human_subject0025,TRAV25*01,TRBV19*01,CAMNYGGSQGNLIF,CASSTRSTDTQYF
M1,human_subject0025,TRAV27*01,TRBV19*01,CAGGGSSNTGKLIF,CASSIRSAYEQYF
M1,human_subject0025,TRAV12-3*02,TRBV19*01,CAMSGDGGSQGNLIF,CASSIRASYEQYF
M1,human_subject0025,TRAV27*01,TRBV19*01,CAENYGGSQGNLIF,CASSIRSSYEQYF
M1,human_subject0025,TRAV27*01,TRBV19*01,CATGGSQGNLIF,CASSVRSSYEQYF
M1,human_subject0025,TRAV5*01,TRBV19*01,CAEGGSGGSQGNLIF,CASSMRSDEKLFF
M1,human_subject0025,TRAV27*01,TRBV19*01,CAGGGSQGNLIF,CASSIRSSYEQYF
M1,human_subject0025,TRAV22*01,TRBV19*01,CAVDGGGGSQGNLIF,CASSIRSSYEQFF
M1,human_subject0030,TRAV24*01,TRBV25-1*01,CAFLNAGKSTF,CASSDAGGGMAEAFF
M1,human_subject0030,TRAV19*01,TRBV27*01,CALSEALVTGGGNKLTF,CASSLSRRGPNYGYTF
M1,human_subject0030,TRAV24*01,TRBV6-5*01,CARNTGNQFYF,CASSKQTGTGNYGYTF
M1,human_subject0030,TRAV10*01,TRBV19*01,CVVTPGREYGNKLVF,CASSISSGSYNEQFF
M1,human_subject0030,TRAV16*01,TRBV19*01,CALRVMNRDDKIIF,CASSTKVGGTGELFF
M1,human_subject0030,TRAV12-2*01,TRBV9*01,CAVNNYGQNFVF,CASSVEDYGSVSYGYTF
M1,human_subject0030,TRAV26-1*02,TRBV20-1*07,CIAGASFSGGYNKLIF,CSANSDRVSYNEQFF
M1,human_subject0030,TRAV24*01,TRBV10-2*01,CAFSSNYQLIW,CASSLLGGAGTDTQYF
M1,human_subject0030,TRAV1-1*01,TRBV4-1*02,CAVVASNTGKLIF,CASSPRDGQETQYF
M1,human_subject0009,TRAV27*01,TRBV19*02,CAGGGSQGNLIF,CASSIRSSYEQYF
M1,human_subject0009,TRAV27*01,TRBV19*02,CAGATGNTGKLIF,CASSTRSGYEQYF
M1,human_subject0009,TRAV27*01,TRBV19*02,CAGAGSQGNLIF,CASSSRSSYEQYF
M1,human_subject0009,TRAV27*01,TRBV19*02,CAGGGSQGNLIF,CASSIRSSYEQYF
M1,human_subject0009,TRAV27*01,TRBV19*02,CAGAGGGSQGNLIF,CASSKRSTDTQYF
M1,human_subject0013,TRAV5*01,TRBV19*02,CAESIGRGSQGNLIF,CASSIRSGVEQYF
M1,human_subject0013,TRAV8-6*01,TRBV19*02,CAVGGYGGSQGNLIF,CASSIRSSYEQYF
M1,human_subject0013,TRAV27*01,TRBV19*03,CAGAPRTSGTYKYIF,CASSILTGPRTEAFF
M1,human_subject0013,TRAV30*01,TRBV19*02,CGISLGGGSQGNLIF,CASSTRSTDTQYF
M1,human_subject0013,TRAV8-6*02,TRBV19*02,CAASSNTGKLIF,CASSSRSSYEQYF
M1,human_subject0013,TRAV38-2/DV8*01,TRBV19*02,CAYSPGAGGTSYGKLTF,CASSIGLYGYTF
M1,human_subject0013,TRAV17*01,TRBV19*02,CATDAIPSDMRF,CASSFRSTDTQYF
M1,human_subject0013,TRAV12-2*03,TRBV19*02,CASGGSQGNLIF,CASSSRSAYEQYF
M1,human_subject0013,TRAV8-3*01,TRBV19*03,CAVGGDGGSQGNLIF,CASSVRSSYEQYF
M1,human_subject0013,TRAV27*01,TRBV19*02,CAGADGGSQGNLIF,CASSSRSANEQFF
M1,human_subject0013,TRAV3*01,TRBV19*02,CAVTPGGGSQGNLIF,CASSPRASLEQYF
M1,human_subject0013,TRAV41*01,TRBV19*02,CAVRKFGNEKLTF,CASSIGLYGYTF
M1,human_subject0013,TRAV27*01,TRBV19*02,CAGAGGGSQGNLIF,CASSFRSTDTQYF
M1,human_subject0013,TRAV9-2*01,TRBV19*02,CALIAGANSKLTF,CASSIAPTDTQYF
M1,human_subject0013,TRAV27*01,TRBV19*03,CAGADGGSQGNLIF,CASSGRSTDTQYF
M1,human_subject0013,TRAV27*01,TRBV19*02,CAGALGSSNTGKLIF,CASSIRSAYEQYF
M1,human_subject0031,TRAV35*02,TRBV12-4*02,CAGPMKTSYDKVIF,CASSSANYGYTF
M1,human_subject0031,TRAV26-2*01,TRBV24/OR9-2*01,CIAHGGGGADGLTF,CATSDGLAGGWANVLTF
M1,human_subject0031,TRAV19*01,TRBV12-5*01,CALSGETSGSRLTF,CASGLVPGGLVYEQYF
M1,human_subject0029,TRAV8-1*01,TRBV28*01,CAVIGEGGKLTF,CASSLLVSGVSSTDTQYF
M1,human_subject0029,TRAV3*01,TRBV3-2*02,CAVPPDSWGKLQF,CASSQDLAGEGTDTQYF
M1,human_subject0029,TRAV41*01,TRBV6-3*01,CAVRANFGNEKLTF,CASSYPLLYSGANTGELFF
M1,human_subject0029,TRAV41*01,TRBV14*01,CAAETTSGTYKYIF,CASSPIAGSSYEQYF
M1,human_subject0029,TRAV12-2*03,TRBV24/OR9-2*01,CAAPYSGGGADGLTF,CATSDYVSGTLQETQYF
M1,human_subject0029,TRAV19*01,TRBV9*01,CALSGSSVGAAGNKLTF,CASSVVASSYNEQFF
M1,human_subject0029,TRAV29/DV5*01,TRBV15*02,CAASAFLGGSEKLVF,CATSERGDLNFGTDTQYF
M1,human_subject0029,TRAV19*01,TRBV7-8*01,CALSDLNQAGTALIF,CASSYGIAGKETQYF
M1,human_subject0029,TRAV8-6*02,TRBV5-6*01,CAVSPVSNFGNEKLTF,CASSPLSLGSPYNEQFF
M1,human_subject0029,TRAV13-2*02,TRBV9*01,CAEISSGGSYIPTF,CASSTIEGQGGRHTQYF
M1,human_subject0029,TRAV14/DV4*01,TRBV28*01,CAMSLYSGGGADGLTF,CASRPPPAGQKETQYF
M1,human_subject0029,TRAV12-2*03,TRBV24/OR9-2*01,CAVPYSGGGADGLTF,CATSDFPPGVRGAPQETQYF
M1,human_subject0029,TRAV8-4*05,TRBV12-4*01,CAVSDDNDMRF,CASSQTYEQYF
M1,human_subject0008,TRAV13-2*01,TRBV5-6*01,CAEIWDYGQNFVF,CASSWEGINYGYTF
M1,human_subject0008,TRAV12-2*03,TRBV18*01,CAVNPAEYGNKLVF,CASSRVGTTYEQYF
M1,human_subject0008,TRAV12-3*02,TRBV19*03,CAMSERNNARLMF,CASGAGGPLNEQFF
M1,human_subject0008,TRAV12-3*02,TRBV6-4*02,CAMSERNNARLMF,CASSDHPGSRELWKHHIF
M1,human_subject0014,TRAV13-2*01,TRBV19*02,CAENGGGSTLGRLYF,CASSTRSTDTQYF
M1,human_subject0014,TRAV8-6*01,TRBV19*02,CAVSGSQGNLIF,CASSMRSSYEQYF
M1,human_subject0014,TRAV38-1*01,TRBV19*02,CAFMSSPGGTSYGKLTF,CASSIGVYGYTF
M1,human_subject0014,TRAV27*01,TRBV19*02,CAGGGSQGNLIF,CASSIRSSYEQYF
M1,human_subject0014,TRAV38-2/DV8*01,TRBV19*02,CAYSTNAGGTSYGKLTF,CASSLGIYGYTF
M1,human_subject0014,TRAV13-2*01,TRBV19*03,CAENMGGGSQGNLIF,CASSVRAGETQYF
M1,human_subject0014,TRAV27*01,TRBV19*02,CAGAYGGSQGNLIF,CASSIRSTGELFF
M1,human_subject0014,TRAV19*01,TRBV19*02,CALSDSGGSNYKLTF,CASSIFSGGQNIQYF
none,control,TRAV13-2*01,TRBV20-1*01,CAEMGPSGTYKYIF,CSARDGNEKLFF
none,control,TRAV30*01,TRBV5-6*01,CGTGGSGGYQKVTF,CASSLEPPGVQGYTF
none,control,TRAV3*01,TRBV28*01,CAVRDIRHNFNKFYF,CASTEGAGGTGNTIYF
none,control,TRAV8-3*01,TRBV20/OR9-2*01;TRBV20-1*01,CAVGVSQGGKLIF,CSAMNAADYDTQYF
none,control,TRAV27*01,TRBV11-2*01,CGGTSGTYKYIF,CASSRVGGAYEQYF
none,control,TRAV39*01,TRBV4-3*01,CAVDQAGTALIF,CASRRAGANVLTF
none,control,TRAV12-3*01,TRBV3-1*01;TRBV3-2*01;TRBV3-2*02,CAMRKGGGNKLTF,CASSQGMGREPQPQHF
none,control,TRAV8-1*01,TRBV5-1*01,CAVIDYKLSF,CASSRGASSSYNEQFF
none,control,TRAV8-6*01,TRBV11-2*01,CAVSDSNYQLIW,CASSPGTSSEAFF
none,control,TRAV21*01,TRBV7-9*01,CAVPNPNSGNTPLVF,CALGQGHGYTF
none,control,TRAV13-1*01,TRBV20/OR9-2*01;TRBV20-1*03;TRBV20-1*01,CAASMGNNAGNMLTF,CSARGLAGFGDTQYF
none,control,TRAV13-1*01,TRBV5-4*01,CAASTFSGNQFYF,CASSSGTGDYNEQFF
none,control,TRAV36/DV7*01,TRBV11-1*01,CAVGNSNSGYALNF,CASSFGAGETQYF
none,control,TRAV26-1*01,TRBV7-2*01;TRBV7-2*02,CIVRIGGETSGSRLTF,CASSPKTGTHEQYF
none,control,TRAV38-2/DV8*01,TRBV19*02;TRBV19*01,CAYRSAVDTDKLIF,CASSMGTSGSIAQYF
none,control,TRAV12-2*01;TRAV12-2*03,TRBV7-9*01,CAVLTGGGNKLTF,CASSLTQGTGETQYF
none,control,TRAV19*01,TRBV30*01,CAPGGSEKLVF,CAWSVAGGDLVGSPLHF
none,control,TRAV14/DV4*02,TRBV28*01,CAMREGRTGNQFYF,CASSPDRAWGYTF
none,control,TRAV12-1*01,TRBV19*02;TRBV19*01,CVVNRGPTGGFKTIF,CASNPGQGTVGELFF
none,control,TRAV13-2*01,TRBV5-1*01,CAEKPHRSGYSTLTF,CASSWGTSGSNTGELFF
none,control,TRAV9-2*01,TRBV13*01,CALTGGETGRRALTF,CASSLYRGTDTQYF
none,control,TRAV21*01,TRBV3-1*01;TRBV3-2*01;TRBV3-2*02,CAVETSGSRLTF,CASSHYQKNYEQYF
none,control,TRAV12-2*01;TRAV12-2*03,TRBV27*01,CAVSNTGGFKTIF,CASSFGDTNTGELFF
none,control,TRAV20*01,TRBV28*01,CAVQAGGYNTDKLIF,CASSKGQLYEQYF
none,control,TRAV12-3*01,TRBV21-1*01,CAMINTGGFKTIF,CASSKVTGTAYYNSPLHF
none,control,TRAV24*01,TRBV6-1*01,CALNTGFQKLVF,CASSPLAGAGETQYF
none,control,TRAV39*01,TRBV12-4*01;TRBV12-3*01,CAVDIGDDKIIF,CASSFRGITEAFF
none,control,TRAV12-2*01;TRAV12-2*03,TRBV12-4*01;TRBV12-3*01,CAVKNTGGFKTIF,CASSQTGGAEAFF
none,control,TRAV26-2*01,TRBV7-9*01,CILRDVEGYSTLTF,CASSSSSGTITEQFF
none,control,TRAV8-1*01,TRBV20/OR9-2*01;TRBV20-1*01,CAVIMIRDDKIIF,CSARRDRANTEAFF
none,control,TRAV30*01,TRBV25-1*01,CGTALTGNQFYF,CASWAGGRLASNSGNTIYF
none,control,TRAV38-2/DV8*01,TRBV24-1*01,CAYRRYQGGSEKLVF,CATSEAGEETQYF
none,control,TRAV1-1*01,TRBV7-2*01;TRBV7-2*02,CAVNSWGKLQF,CASSLLVDRASGELFF
none,control,TRAV9-2*01,TRBV6-5*01,CALNPFSGGYNKLIF,CASSAQYEQFF
none,control,TRAV6*01,TRBV28*01,CVKELIF,CASSPRGRERGQPQHF
none,control,TRAV36/DV7*01,TRBV29-1*01,CAVEKPNSGYALNF,CSVDLDGSEGAYGYTF
none,control,TRAV26-1*01,TRBV25-1*01,CIVREEETYGQNFVF,CASSEGNRNTEAFF
none,control,TRAV21*01,TRBV5-6*01,CAVYDRGSTLGRLYF,CASSLLRGRGYQETQYF
none,control,TRAV38-2/DV8*01,TRBV30*01,CAYRSAPASKLTF,CAWSEWQLLQETQYF
none,control,TRAV9-2*01,TRBV7-9*01,CALINTNAGKSTF,CASSLDTEIQETQYF
none,control,TRAV29/DV5*01,TRBV7-3*01,CAASRKAAGNKLTF,CASSLGLAGALDTQYF
none,control,TRAV21*01,TRBV7-2*01;TRBV7-2*02,CAVRGAGGGSYIPTF,CASRPRGDSNQPQHF
none,control,TRAV38-2/DV8*01,TRBV19*02;TRBV19*01,CAYGDFGGANSKLTF,CASSKDQVKNIQYF
none,control,TRAV23/DV6*01,TRBV20/OR9-2*01;TRBV20-1*01,CAASKGQGAQKLVF,CSARVTGQGQETQYF
none,control,TRAV2*01,TRBV29-1*01,CAVGFYGQNFVF,CSVRDSANTEAFF
none,control,TRAV3*01,TRBV3-1*01;TRBV3-2*01;TRBV3-2*02,CAVSSFWSSASKIIF,CASSQGASGATDTQYF
none,control,TRAV8-4*01,TRBV20/OR9-2*01;TRBV20-1*01,CAVSEPNNNARLMF,CSARDLKTGRNSPLHF
none,control,TRAV13-2*01,TRBV2*01,CAEYNAGNMLTF,CASRLPRQGKSEKLFF
none,control,TRAV1-1*01,TRBV6-1*01,CAVPNTDKLIF,CASTSGLAGETQYF
none,control,TRAV38-1*01;TRAV38-1*03,TRBV5-5*03;TRBV5-5*01,CAFENSGGYQKVTF,CASSPAMWRRGSPLHF
none,control,TRAV23/DV6*01,TRBV24-1*01,CAANQSWGKLQF,CATSDSRTGGRGELFF
none,control,TRAV9-2*01,TRBV12-4*01;TRBV12-3*01,CALSDQEGSQGNLIF,CASRLRIARDNEQFF
none,control,TRAV19*01,TRBV30*01,CALSGYNYGQNFVF,CAWRRVDTEAFF
none,control,TRAV30*01,TRBV6-5*01,CGTEKQADGLTF,CASSYGSSHYEQYF
none,control,TRAV22*01,TRBV7-2*01;TRBV7-2*02,CAVVSDGGSQGNLIF,CASSLVYRAHEQYF
none,control,TRAV8-4*03;TRAV8-4*01,TRBV4-1*01,CALNTNAGKSTF,CASSQVRTGMSYEQYF
none,control,TRAV12-3*01,TRBV3-1*01;TRBV3-2*01;TRBV3-2*02;TRBV3-1*02,CAIGPSGGYNKLIF,CATSGGAYNEQFF
none,control,TRAV36/DV7*02,TRBV30*01,CAVLIQGAQKLVF,CAWSSSGGDTQYF
none,control,TRAV12-2*01,TRBV2*01,CAVNIGRDDKIIF,CASSDRANYGYTF
none,control,TRAV22*01,TRBV30*01,CAVRADSWGKFQF,CAWSPSGQGRRDEQFF
none,control,TRAV13-2*01,TRBV29-1*01,CAENPGGADGLTF,CSVSDRLGGYTF
none,control,TRAV13-1*01,TRBV9*01,CAALLNTNAGKSTF,CASTQTRIPGELFF
none,control,TRAV8-1*01,TRBV29-1*01,CAVSRPNDYKLSF,CSVDDVQPPLYNEQFF
none,control,TRAV12-1*01,TRBV21-1*01,CVVRVTGGGNKLTF,CASSKWSGSESNQPQHF
none,control,TRAV14/DV4*02,TRBV7-9*01,CAMRKADKLIF,CASSPGSSTGELFF
none,control,TRAV22*01,TRBV27*01,CAVGDTDKLIF,CASSLARGGSREQFF
none,control,TRAV20*01,TRBV9*01,CAVQVSGNTPLVF,CASSARDNYNEKLFF
none,control,TRAV13-2*01,TRBV9*01,CAENSGSGYSTLTF,CASGTLDTDTQYF
none,control,TRAV21*01,TRBV20/OR9-2*01;TRBV20-1*03;TRBV20-1*01,CAVWKAAGNKLTF,CSVGGARRVADTQYF
none,control,TRAV10*01,TRBV9*01,CVVTNIEYSGAGSYQLTF,CASSVSGTDYYNEQFF
none,control,TRAV1-2*01,TRBV28*01,CAVRPPYNTDKLIF,CASSQRQGLYDTEAFF
none,control,TRAV1-1*02;TRAV1-1*01,TRBV29-1*01,CALNSGGYQKVTF,CSVEGGLYGYTF
none,control,TRAV9-2*01,TRBV11-2*01,CALKVKRNKLVF,CASSLHPQSSGNTIYF
none,control,TRAV12-1*01,TRBV27*01,CVVNERNSGGYQKVTF,CATTSAGLAGVKAIHEQFF
none,control,TRAV20*01,TRBV7-3*01,CAALPPGGGYNKLIF,CASSLMVNTEAFF
none,control,TRAV27*01,TRBV7-9*01,CAGPLRRSARQLTF,CASSLVGRGVVEQYF
none,control,TRAV9-2*01,TRBV6-1*01,CALSDRSNYQLIW,CAIQRDGTSTDTQYF
none,control,TRAV8-1*01,TRBV28*01,CAVKTYTGNQFYF,CASTDERDNEQFF
none,control,TRAV5*01,TRBV5-8*01,CAEAGGTSYGKLTF,CASSLAAGSQETQYF
none,control,TRAV8-4*01,TRBV10-3*01,CAVSEDSGTYKYIF,CAISDGGGTGNTIYF
none,control,TRAV1-2*01,TRBV28*01,CAVRVLNQAGTALIF,CASSLSPRLDRYEQYF
none,control,TRAV13-1*01,TRBV30*01,CAARRTDSWGKFQF,CALGQGNYGYTF
none,control,TRAV12-1*01,TRBV6-4*01,CVVNPGNDMRF,CASSDSWTSGSDTQYF
none,control,TRAV12-1*01,TRBV4-2*01,CVVSPSGNTPLVF,CASSQVLARNEQFF
none,control,TRAV13-1*01,TRBV20-1*03;TRBV20-1*01,CAASRSGDDKIIF,CSASRPVGTQYF
none,control,TRAV29/DV5*01,TRBV12-4*01;TRBV12-3*01,CAALRRGSNYKLTF,CASSLVETQYF
none,control,TRAV8-4*01,TRBV20/OR9-2*01;TRBV20-1*01,CAVSPMIYNQGGKLIF,CSARERGLGREKPYLTDTQYF
none,control,TRAV12-1*01,TRBV7-3*01,CVVSPALGRLYF,CASSSLAKTNSYNEQFF
none,control,TRAV14/DV4*02,TRBV13*01,CAMREALSGGYNKLIF,CASTRPGLNTEAFF
none,control,TRAV38-1*01;TRAV38-1*03,TRBV19*02;TRBV19*01,CAFPPGWDDTGANSKLTF,CASRPGPRSVEQFF
none,control,TRAV12-3*01,TRBV27*01,CAMSSNNARLMF,CASSVQGSTGELFF
none,control,TRAV19*01,TRBV2*01,CALSEAVAGGSYIPTF,CASSGSVTDTQYF
none,control,TRAV25*01,TRBV3-1*01;TRBV3-2*01;TRBV3-2*02;TRBV3-1*02,CAGTSGTYKYIF,CAAKGGDWAEAFF
none,control,TRAV26-1*01,TRBV12-5*01,CIVRAICRPVSGSARQLTF,CASRGTDTQYF
none,control,TRAV36/DV7*01,TRBV4-3*01,CAVGAGGYQKVTF,CASSQNSGTTNGYTF
none,control,TRAV24*01,TRBV5-1*01,CASDRGQGGKLIF,CASSMDRAGVKLFF
none,control,TRAV21*01,TRBV9*01,CAVKRGGSEKLVF,CASSVAPHRADTQYF
none,control,TRAV13-2*01,TRBV30*01,CAEFRTDSWGKLQF,CAWKLWDEQFF
none,control,TRAV36/DV7*01,TRBV6-6*01,CAVVQTGGATNKLIF,CASSYGAWGSGNTIYF
none,control,TRAV26-1*01,TRBV20-1*03;TRBV20-1*01,CIVRVDNAGNMLTF,CSATRDDYGYTF
none,control,TRAV14/DV4*02,TRBV28*01,CAMRRWTSYDKVIF,CASSSNSGSVKNIQYF
none,control,TRAV12-1*01,TRBV4-2*01,CVVSYAGGTSYGKLTF,CASSQVAGSYGYTF
none,control,TRAV8-4*01,TRBV7-2*01;TRBV7-2*02,CAVRGLGGQGGKLIF,CASSLAAGVPGNEQFF
none,control,TRAV8-6*01,TRBV27*01,CAVSAPGNTDKLIF,CASSFKGSSYEQYF
none,control,TRAV1-2*01,TRBV6-2*01,CAATDSNYQLIW,CASSSGGADTGELFF
none,control,TRAV13-1*01,TRBV28*01,CAASTTMAGGNKLVF,CASIERGANTGELFF
none,control,TRAV12-1*01,TRBV24-1*01,CVVNSEDAGGTSYGKLTF,CATSEGFPGQGLNTEAFF
none,control,TRAV4*01,TRBV7-9*01,CLVGARYGGSQGNLIF,CASSLGGLDNEQFF
none,control,TRAV13-1*01,TRBV6-1*01,CAASRSGATNKLIF,CASSEALRANSGNTIYF
none,control,TRAV12-2*01;TRAV12-2*03,TRBV5-1*01,CAVNAAAGNKLTF,CASSLHPSETEAFF
none,control,TRAV19*01,TRBV6-1*01,CALSGSGETSGSRLTF,CASKGYKAYEQYF
none,control,TRAV24*01,TRBV30*01,CALPITGNQFYF,CARSRDRVNEQFF
none,control,TRAV35*01,TRBV7-2*01;TRBV7-2*02,CAGGSQGAQKLVF,CASSLQRQDEQYF
none,control,TRAV14/DV4*01,TRBV23-1*01,CAMRGNMIQGAQKLVF,CASSQGRASEQYF
none,control,TRAV1-1*01,TRBV6-2*01,CAVRVHGNQFYF,CASSPGTSGRGSDTQYF
none,control,TRAV12-3*01,TRBV20/OR9-2*01;TRBV20-1*01,CAMENFGNEKLTF,CSARERLAGVWEETQYF
none,control,TRAV41*01,TRBV9*01,CAVTGNQFYF,CASGGDWNNEQFF
none,control,TRAV26-2*01,TRBV27*01,CLPYQGAQKLVF,CASSLVRNTEAFF
none,control,TRAV27*01,TRBV18*01,CAGFTGNQFYF,CASSPGTSGAEQYF
none,control,TRAV24*01,TRBV9*01,CASFSDGQKLLF,CASSVAGDGNTIYF
none,control,TRAV12-1*01,TRBV6-5*01,CVVNEFYF,CASSYGGEEETQYF
none,control,TRAV2*01,TRBV19*02;TRBV19*01,CAVAGTASKLTF,CASSSWTSGDTDTQYF
none,control,TRAV12-3*01,TRBV3-1*01;TRBV3-2*01;TRBV3-2*02,CAMRKGGGNKLTF,CASSQGMGREPQPQHF
none,control,TRAV3*01,TRBV7-9*01,CAVRGGDTGRRALTF,CASSLGVGEHKNIQYF
none,control,TRAV26-1*01,TRBV20/OR9-2*01;TRBV20-1*01,CIVTSGETSGSRLTF,CSARDMKVTDTQYF
none,control,TRAV35*01,TRBV4-2*01,CAGAPPPGLTGGGNKLTF,CASSQTGTGTYEQYF
none,control,TRAV8-6*01,TRBV5-1*01,CAVSDLDGNQFYF,CASSSILAGFPHEQFF
none,control,TRAV2*01,TRBV7-6*01,CASNYGGSQGNLIF,CASSNSGTGNSPLHF
none,control,TRAV27*01,TRBV5-6*01,CAGGRSNFGNEKLTF,CASSLWGQFSYNEQFF
none,control,TRAV6*01,TRBV4-3*01,CALDSRMDSSYKLIF,CASSQDQDTGELFF
none,control,TRAV21*01,TRBV30*01,CAVLNRDDKIIF,CAWSPVGTGALRSGNTIYF
none,control,TRAV8-4*01,TRBV20/OR9-2*01;TRBV20-1*03;TRBV20-1*01,CAVSLNRDDKIIF,CSGALRGLRTEAFF
none,control,TRAV14/DV4*02,TRBV9*01,CAMREGPWEDYKLSF,CASSRSGGELFF
none,control,TRAV6*01,TRBV30*01,CALAAKDTGRRALTF,CAWSLMGGGGNTIYF
none,control,TRAV5*01,TRBV5-1*01,CATGETGFQKLVF,CASRVSGELFF
none,control,TRAV5*01,TRBV5-4*01,CAAKDGGGNKLTF,CASSFLAGVDQETQYF
none,control,TRAV22*01,TRBV2*01,CAVSRSWGKLQF,CASPSGTGTDTQYF
none,control,TRAV1-2*01,TRBV6-2*01,CASLDSNYQLIW,CASSYGLAGGYEQYF
none,control,TRAV9-2*01,TRBV15*01,CALSGARNSGGSNYKLTF,CATSRESGAYEQYF
none,control,TRAV14/DV4*02,TRBV5-5*03;TRBV5-5*01,CAMRDYNTDKLIF,CASSPGTVSSGANVLTF
none,control,TRAV1-2*01,TRBV6-1*01,CAALSGDYKLSF,CASSEEGSGANVLTF
none,control,TRAV41*01,TRBV6-5*01,CAVAFYYGGSQGNLIF,CASGTGGAGYEQYF
none,control,TRAV24*01,TRBV5-4*01,CAFMGGNTNAGKSTF,CASSFRTGGNEKLFF
none,control,TRAV8-3*01,TRBV18*01,CAVNSGGYNKLIF,CASLTTSGGAGVNEQFF
none,control,TRAV29/DV5*01,TRBV18*01,CASLTQGGSEKLVF,CASSPDASGGHSYEQYF
none,control,TRAV29/DV5*01,TRBV9*01,CAASAPWGGSQGNLIF,CASSVDMAGELFF
none,control,TRAV38-2/DV8*01,TRBV28*01,CAYGPLLSGGSEKLVF,CASSLVSSYEQYF
none,control,TRAV9-2*01,TRBV5-6*01,CVLDSSYKLIF,CASSQGNRGYEQYF
none,control,TRAV21*01,TRBV20-1*03;TRBV20-1*01,CAVGRNNRLAF,CSGGGGAQETQYF
none,control,TRAV13-1*01,TRBV13*01,CAAILMDSNYQLIW,CASSARGLAGGYEQYF
none,control,TRAV19*01,TRBV4-3*01,CALSLTTDSWGKLQF,CASSQGTPNTEAFF
none,control,TRAV21*01,TRBV28*01,CAVSSSHNARLMF,CASSLGQAGAWADTQYF
none,control,TRAV6*01,TRBV4-3*01,CALDSRMDSSYKLIF,CASSQDQDTGELFF
none,control,TRAV8-4*01,TRBV30*01,CAVRIGSARQLTF,CAWSATGQNMNTEAFF
none,control,TRAV1-2*01,TRBV19*02;TRBV19*01,CAVSSGNTPLVF,CASSITGSSEAFF
none,control,TRAV12-2*01;TRAV12-2*03,TRBV7-6*01,CAAGSSGGSYIPTF,CASSSQSADSEGYEQFF
none,control,TRAV12-2*01,TRBV7-9*01,CAVNMNDYKLSF,CASSQETGNGEQYF
none,control,TRAV13-2*01,TRBV30*01,CAENLNTGFQKLVF,CAWTDGGTTEAFF
none,control,TRAV8-3*01,TRBV4-2*01,CAVGLTTDSWGKLQF,CASSQAFGTSETQYF
none,control,TRAV12-2*01;TRAV12-2*03,TRBV4-3*01,CAVFAGGFKTIF,CASSQDGETQYF
none,control,TRAV26-1*01,TRBV20/OR9-2*01;TRBV20-1*01,CIVRNGQGAQKLVF,CSARVRRNLNSPLHF
none,control,TRAV36/DV7*01,TRBV18*01,CAVRNSGGYQKVTF,CASSGNGANNSPLHF
none,control,TRAV38-1*01,TRBV21-1*01,CAFMSGNQFYF,CASSDTRAAHTDTQYF
none,control,TRAV34*01,TRBV5-4*01,CGAGGIQGAQKLVF,CASSLGGLTYEQYF
none,control,TRAV10*01,TRBV18*01,CVVSYYGNNRLAF,CASSPGTPNYGYTF
none,control,TRAV35*01,TRBV4-1*01,CAGTKGAQKLVF,CASSQDSGTIYEQYF
none,control,TRAV8-6*01,TRBV28*01,CAVTGYGNQFYF,CASSQTGTANTGELFF
none,control,TRAV2*01,TRBV7-9*01,CAVSFGDFNKFYF,CASSYDMGARTDTQYF
none,control,TRAV8-1*01,TRBV7-2*01;TRBV7-2*02,CAFTGGGNKLTF,CASSPHGGAGVEQYF
none,control,TRAV2*01,TRBV15*01,CAVPMDTGRRALTF,CATSRARNEGDEAFF
none,control,TRAV8-3*01,TRBV14*01,CAVGPRFGNEKLTF,CASSQVTPWGPLLEEQFF
none,control,TRAV8-2*01,TRBV2*01,CVVSETGKSTF,CASSLYAAASGSYNEQFF
none,control,TRAV3*01,TRBV5-6*01,CAVRDSTSGGYQKVTF,CASSPKVGLAVRETQYF
none,control,TRAV39*01,TRBV7-9*01,CAVDKSGTNAGKSTF,CASSHPDRGSYEQYF
none,control,TRAV9-2*01,TRBV30*01,CALKGRDDKIIF,CAWSPETIVNQPQHF
none,control,TRAV1-2*01,TRBV28*01,CAVRVLNQAGTALIF,CASSLSPRLDRYEQYF
none,control,TRAV36/DV7*01,TRBV28*01,CAASTDSWGKFQF,CASSLERISGSHIQYF
none,control,TRAV19*01,TRBV7-9*01,CALSEARVYSGYALNF,CASSQGQATGEAFF
none,control,TRAV25*01,TRBV6-1*01,CAGQWNFGNEKLTF,CASSELRVANEQFF
none,control,TRAV25*01,TRBV18*01,CVRLGGNKLVF,CASSLNPTDRNDISNQPQHF
none,control,TRAV13-2*01,TRBV9*01,CAETEVFGGYQKVTF,CASSVEGKAGTEAFF
none,control,TRAV5*01,TRBV5-1*01,CAEPYNAGNMLTF,CASSLQGQGTNEKLFF
none,control,TRAV8-3*01,TRBV4-1*01,CAVGARATDSWGKLQF,CASSQDLIYEQFF
none,control,TRAV35*01,TRBV7-9*01,CAGNSGTYKYIF,CASSSRGPDTQYF
none,control,TRAV29/DV5*01,TRBV30*01,CAAISLTGTASKLTF,CAWSASRGIYGYTF
none,control,TRAV35*01,TRBV7-6*01,CAGQPFFGNEKLTF,CASSQQGAGEAFF
none,control,TRAV2*01,TRBV9*01,CAVGPPGNTPLVF,CASSIGTGGLDEQYF
none,control,TRAV38-1*01;TRAV38-1*03;TRAV38-1*02,TRBV2*01,CACGSGYALNF,CASSEYVGSNQPQHF
none,control,TRAV9-2*01,TRBV12-4*01;TRBV12-3*01,CALGLRGYQKVTF,CASSGLAEHNEQFF
none,control,TRAV38-2/DV8*01,TRBV20/OR9-2*01;TRBV20-1*03;TRBV20-1*01,CALNDYKLSF,CSASTSGGSYNEQFF
none,control,TRAV14/DV4*02,TRBV7-9*01,CAMRPVDYKLSF,CASSLLGSSYNEQFF
none,control,TRAV26-1*01,TRBV20/OR9-2*01;TRBV20-1*01,CIVSPTYGNKLVF,CSARDWGRGNQPQHF
none,control,TRAV12-1*01,TRBV27*01,CVVNILSFNSGGYQKVTF,CASRDRGAYEQYF
none,control,TRAV1-2*01,TRBV5-5*01,CAANRDDKIIF,CASSLGLAGAYEQYF
none,control,TRAV4*01,TRBV7-9*01,CLVTGTASKLTF,CASSLSGTNTEAFF
none,control,TRAV12-3*01,TRBV24-1*01,CAHGGSQGNLIF,CATSDPTAAGLAGDYEQYF
none,control,TRAV20*01,TRBV10-3*01,CAVPYGQNFVF,CAISGGWGNEAFF
none,control,TRAV3*01,TRBV4-2*01,CAVRDMVSNQFYF,CASSSWGNEQFF
none,control,TRAV9-2*01,TRBV3-1*01;TRBV3-2*01;TRBV3-2*02,CALSDRERNQFYF,CASSQFSGSGTDTQYF
none,control,TRAV14/DV4*02,TRBV6-5*01,CAMRVNSGGSNYKLTF,CASSPLGLRRSSPLHF
none,control,TRAV1-1*01,TRBV4-3*01,CAVRARSGGYQKVTF,CASSQEWSGGELFF
none,control,TRAV3*01,TRBV12-4*01;TRBV12-3*01,CAVRDKKKNRDDKIIF,CASRTGGAEQFF
none,control,TRAV20*01,TRBV19*02;TRBV19*01,CAVQVFTGNQFYF,CASTGERETQYF
none,control,TRAV2*01,TRBV29-1*01,CAVGFYGQNFVF,CSVRDSANTEAFF
none,control,TRAV26-2*01,TRBV28*01,CILRDEGETSGSRLTF,CASSLGTVNTEAFF
none,control,TRAV1-2*01,TRBV5-1*01,CAPLIYGGATNKLIF,CASSLLGIDRGEREQYF
none,control,TRAV12-1*01,TRBV15*01,CVVNDHNTDKLIF,CATSRDELAGLSYNEQFF
none,control,TRAV8-1*01,TRBV7-7*02;TRBV7-7*01,CAVNARGNEKLTF,CASSLGRQVNTGELFF
none,control,TRAV19*01,TRBV2*01,CALGTAQGGSEKLVF,CASRPGRGVYEQYF
none,control,TRAV8-2*01,TRBV28*01,CVVSDADSWGKFQF,CASSLLAGEIVREQYF
none,control,TRAV12-1*01,TRBV6-5*01;TRBV6-6*01,CVVNRMDSSYKLIF,CASSWLDRGRIKTNTEAFF
none,control,TRAV12-1*01,TRBV5-6*01,CVGGIYGGATNKLIF,CASSDLAYNEQFF
none,control,TRAV29/DV5*01,TRBV9*01,CAARGVTSGTYKYIF,CASSVGAGGPTDTQYF
none,control,TRAV12-2*01;TRAV12-2*03,TRBV7-2*01;TRBV7-2*02,CAVNGKPPGANSKLTF,CASSPGTSGRGGNEQFF
none,control,TRAV26-1*01,TRBV7-9*01,CIVRVYSNSGYALNF,CASSPLIVETQYF
none,control,TRAV41*01,TRBV4-3*01,CAVRFGYGQNFVF,CASSQYGGGYEQFF
none,control,TRAV12-3*01,TRBV20/OR9-2*01;TRBV20-1*01,CAVRGSGGSNYKLTF,CSARDWGNSNYGYTF
none,control,TRAV38-2/DV8*01,TRBV28*01,CAGNYGGATNKLIF,CASSPTGIGLNYGYTF
none,control,TRAV12-1*01,TRBV24-1*01,CVVITDSWGKLQF,CATSGLLQEQETQYF
none,control,TRAV12-1*01,TRBV7-9*01,CVVSLTGGGNKLTF,CASSLLTSSHTGELFF
none,control,TRAV9-2*01,TRBV10-3*01,CALLGTDKLIF,CATGQPSPLHF
none,control,TRAV29/DV5*01,TRBV20-1*03;TRBV20-1*01,CAASEDGGTSYGKLTF,CSVSKGVYEQYF
none,control,TRAV29/DV5*01,TRBV4-1*01,CAASAPNSGNTPLVF,CASSHPGSGANVLTF
none,control,TRAV12-1*01,TRBV5-1*01,CVVLGGSQGNLIF,CASSLAGGTTNEKLFF
none,control,TRAV4*01,TRBV18*01,CLERDYGQNFVF,CASFPTGEDEKLFF
none,control,TRAV3*01,TRBV2*01,CAVSSNSGAGSYQLTF,CASEWNYEQYF
none,control,TRAV38-1*01,TRBV28*01,CAFISYSGGGADGLTF,CASSSMALTGLYNEQFF
none,control,TRAV13-1*01,TRBV9*01,CACSGGGADGLTF,CASSLQGGGNTIYF
none,control,TRAV3*01,TRBV12-4*01;TRBV12-3*01,CAVRPPDGDDKIIF,CASSFASVAEAFF
none,control,TRAV12-1*01,TRBV3-1*01,CVLRESSASKIIF,CASSASSEQYF
none,control,TRAV20*01,TRBV30*01,CAVQRSNDYKLSF,CAFSQDWGGGYTF
none,control,TRAV8-1*01,TRBV7-3*01,CGGTNAGKSTF,CASSLEGYNSPLHF
none,control,TRAV13-1*01,TRBV5-1*01,CAASTLSGGFKTIF,CASSPTGATNEKLFF
none,control,TRAV1-2*01,TRBV10-3*01,CAVPGNFNKFYF,CAISEEGRDTEAFF
none,control,TRAV29/DV5*01,TRBV2*01,CAASAGGNKLVF,CASSDGQDEQFF
none,control,TRAV8-6*01,TRBV20/OR9-2*01;TRBV20-1*01,CAVSDRTDSSYKLIF,CSARGFVAGGTYNEQFF
none,control,TRAV4*01,TRBV12-4*01;TRBV12-3*01,CLVALGGNYGQNFVF,CASSGTRESGANVLTF
none,control,TRAV9-2*01,TRBV6-1*01,CALSPSGFGNEKLTF,CASRRGRDNQPQHF
none,control,TRAV14/DV4*02,TRBV4-2*01,CAMRGLNNRLAF,CASSQDPRDSGTTSYEQYF
none,control,TRAV13-1*01,TRBV28*01,CAASEGGNKLVF,CASGERDTQYF
none,control,TRAV29/DV5*01,TRBV5-6*01,CAAKRANAGGTSYGKLTF,CASSLTGRQETQYF
none,control,TRAV38-1*01,TRBV20/OR9-2*01;TRBV20-1*03;TRBV20-1*01,CAFMKLSGSEKLVF,CSAGRGFGYDGETQYF
none,control,TRAV12-3*01,TRBV6-5*01,CAMSDSSNAGNNRKLIW,CASSSYRTGATGANVLTF
none,control,TRAV12-1*01,TRBV2*01,CGLAGGTSYGKLTF,CASSDGDSNQPQHF
none,control,TRAV12-1*01,TRBV7-8*01,CVVNGRNGNNRKLIW,CASSLRGDRAYGYTF
none,control,TRAV38-1*01,TRBV5-1*01,CAFMKGRGSQGNLIF,CASSLASGGTETQYF
none,control,TRAV8-2*01,TRBV7-2*01;TRBV7-2*02,CVVSSGGGYNKLIF,CASSLQGGNTEAFF
none,control,TRAV1-1*02;TRAV1-1*01,TRBV28*01,CAVRQDKLSF,CASSYPQGGRQPQHF
none,control,TRAV4*01,TRBV24-1*01,CLVAGYSTLTF,CATSDSGTNAYNEQFF
none,control,TRAV26-2*01,TRBV29-1*01,CTVGSGYALNF,CSVEGVWAGTYEQYF
none,control,TRAV27*01,TRBV6-1*01,CAGASPNAGNMLTF,CASAEARGYEQYF
none,control,TRAV26-1*01,TRBV7-9*01,CIVRVARSGTYKYIF,CASSPDVTVRPNEKLFF
none,control,TRAV23/DV6*01,TRBV20-1*01,CAASISGGYQKVTF,CSASIRGGQPQHF
none,control,TRAV30*01,TRBV4-3*01,CGTETDSWGKLQF,CASSRAPVGGAQSLWANYGYTF
none,control,TRAV9-2*01,TRBV19*02;TRBV19*01,CALSDYRGDRGSTLGRLYF,CASTTTSYVQPQHF
none,control,TRAV1-2*01,TRBV6-2*01,CAATDSNYQLIW,CASSSGGADTGELFF
none,control,TRAV22*01,TRBV18*01,CAAALNNARLMF,CASSPQTQGVGYTF
none,control,TRAV21*01,TRBV5-4*04;TRBV5-4*01;TRBV5-4*02,CAVTGGQKLLF,CASSLDGGQPQHF
none,control,TRAV40*01,TRBV11-3*01;TRBV7-2*01;TRBV7-2*02;TRBV11-2*01,CLLLHWGGSQGNLIF,CASSQGFKTTGTSGRPYSYNEQFF
none,control,TRAV5*01,TRBV6-5*01,CAEEGYAGNMLTF,CASRHGNTEAFF
none,control,TRAV8-1*01,TRBV24-1*01,CAVNARAAGNKLTF,CATSDFNRGDTGELFF
none,control,TRAV8-3*01,TRBV27*01,CAVVRQANAGKSTF,CASSSWGGGGPNEQFF
none,control,TRAV27*01,TRBV6-1*01,CAGASPNAGNMLTF,CASAEARGYEQYF
none,control,TRAV8-3*01,TRBV5-8*01,CAVGNPGTYKYIF,CASSLGGQGGIQYF
none,control,TRAV8-1*01,TRBV7-9*01,CAVSGPNYGGATNKLIF,CASSLSRGATGELFF
none,control,TRAV25*01,TRBV11-2*01,CAGRNNTDKLIF,CASSLVGGRGDTQYF
none,control,TRAV36/DV7*01,TRBV6-2*01,CAVEASRSNSGYALNF,CASSFEGWGEQYF
none,control,TRAV9-2*01,TRBV28*01,CALSRQGAQKLVF,CASIRGQGNGYTF
none,control,TRAV1-2*01,TRBV4-1*01,CAVNDYKLSF,CASSQGTGVADTQYF
none,control,TRAV12-3*01,TRBV30*01,CARNAGGTSYGKLTF,CAWSPPGARYGYTF
none,control,TRAV22*01,TRBV3-1*01;TRBV3-2*01;TRBV3-2*02,CAFRSNDYKLSF,CASSQDIPLGTSGVHEQYF
none,control,TRAV12-1*01,TRBV10-2*01,CVVSVYSSASKIIF,CASSTGTEHYRRENTEAFF
none,control,TRAV26-2*01,TRBV13*01,CILRDAQGGSEKLVF,CASSLAGGPPETQYF
none,control,TRAV12-1*01,TRBV13*01,CVVNLKRNSGGSNYKLTF,CASSSISGELFF
none,control,TRAV26-1*01,TRBV11-1*01,CIVRVATRNDYKLSF,CASSSLGTSGAYNEQFF
